customer_id,months_member,monthly_spending,support_tickets,feature_usage_count,referrals_made,account_type,payment_method,churned
1,5.631217079722309,10.236514095673291,0,12,1,Basic,PayPal,1
2,36.12145717101025,39.033492307586826,0,15,0,Enterprise,PayPal,0
3,15.800948322545391,103.15708971410294,1,10,1,Basic,Bank,0
4,10.955310645311439,65.88038895652369,0,9,1,Basic,PayPal,0
5,2.0354984455481553,82.13969130368787,1,13,0,Enterprise,Card,0
6,2.035155502975262,53.76188575852014,1,7,0,Premium,Card,1
7,0.7180652233041681,58.92769180707661,1,16,2,Basic,Bank,0
8,24.134770373759274,94.58859940251398,0,9,1,Basic,PayPal,0
9,11.028985843527174,14.361975777006005,1,14,2,Enterprise,PayPal,0
10,14.775000740455084,33.610883308562066,1,7,0,Premium,PayPal,1
11,0.24959169598966346,12.500656455306117,0,9,2,Premium,PayPal,1
12,42.04268970189975,219.77792087026646,1,9,2,Enterprise,Bank,0
13,21.4371545202561,144.17318936602072,2,6,0,Premium,PayPal,0
14,2.864251502987364,2.0112550602689545,1,6,0,Enterprise,Bank,1
15,2.4081478649959602,61.136578159786445,1,8,1,Enterprise,PayPal,1
16,2.4313370739870845,129.67917787376277,2,9,1,Enterprise,PayPal,0
17,4.353044753525726,9.9576412693925,1,3,1,Basic,Card,1
18,8.927133970330253,41.960145882295116,1,9,1,Basic,Bank,1
19,6.7864448013640395,123.5432632062765,2,7,2,Basic,Card,0
20,4.130675910647298,1.7267761772105907,0,15,2,Enterprise,Bank,1
21,11.356450486797584,59.77052284464427,0,7,1,Basic,PayPal,1
22,1.802814344728064,17.64474823726064,0,7,0,Basic,PayPal,1
23,4.146186144028827,129.1124335677838,0,13,1,Basic,Bank,0
24,5.475326618650165,177.12349613111266,2,13,1,Enterprise,Card,0
25,7.3072162543173,144.35868406204872,0,6,2,Enterprise,Bank,0
26,18.455232132370945,32.143070259922915,2,9,1,Enterprise,Bank,0
27,2.6728303455442832,99.0405353367679,2,8,2,Basic,PayPal,0
28,8.664349860397532,93.07136366495395,1,13,0,Premium,Card,0
29,10.770056655717127,19.21702607597672,0,8,2,Basic,Bank,0
30,0.5707661970769026,88.27987706973266,3,11,2,Basic,Card,0
31,11.223996247795322,1.8854897634454864,1,9,1,Enterprise,Card,1
32,2.243535023728997,45.35043201439034,1,10,0,Enterprise,Bank,1
33,0.8071671705516509,13.068812059864285,2,7,0,Basic,Card,1
34,35.68425352208317,6.423888373582202,0,5,1,Basic,PayPal,0
35,40.44756410953407,4.003767165219138,1,14,0,Premium,PayPal,0
36,19.82797887375452,59.58389748441185,0,12,0,Premium,PayPal,0
37,4.359454319625099,20.766300653428353,0,11,0,Enterprise,PayPal,1
38,1.2333277800300748,64.50682186101888,0,11,1,Premium,Card,0
39,13.833009157183941,3.3794967744737163,2,8,0,Premium,PayPal,1
40,6.96109011102478,18.93801907088391,3,7,3,Enterprise,Bank,1
41,1.5618268074533836,38.771175720002475,2,7,1,Premium,PayPal,1
42,8.202566737609802,78.20486666689938,0,12,0,Basic,Bank,0
43,0.419924657321749,19.191480352007947,0,4,0,Premium,Bank,1
44,28.805074648716285,49.16045432010813,2,11,1,Enterprise,PayPal,0
45,3.593493322088233,108.5680829362135,1,8,0,Basic,PayPal,1
46,13.035069582779764,47.83782545360431,2,16,0,Premium,Card,0
47,4.482558979891484,13.260782148292474,2,10,2,Basic,Bank,1
48,8.809330750910743,1.2351706872077612,1,5,1,Basic,PayPal,1
49,9.49468557578157,102.04908431870908,2,9,1,Premium,Card,0
50,2.452663194094869,1.0749432080130656,1,6,1,Premium,PayPal,1
51,41.91368559283472,103.85288833020851,2,11,1,Enterprise,PayPal,0
52,17.90694452565769,37.63818602347772,2,10,1,Enterprise,PayPal,0
53,33.66113303149899,139.89959213963314,2,5,1,Basic,Bank,0
54,27.025823970410357,80.16862615115626,1,9,1,Enterprise,PayPal,0
55,10.9326529485993,309.1097205423663,0,12,2,Basic,Card,0
56,30.59322455123286,21.593930842414185,0,10,2,Basic,PayPal,0
57,1.1118655074373875,72.87626295557288,2,12,1,Enterprise,PayPal,1
58,2.6176163355752093,25.702450131147042,1,17,2,Enterprise,Card,0
59,0.5553835882419834,32.684365214259564,0,7,0,Enterprise,Card,1
60,4.722385041637041,49.37664538140577,2,11,2,Premium,Bank,0
61,5.905563501530623,103.4457032016195,3,8,1,Basic,Bank,0
62,3.7987253185059084,207.01985184206544,1,10,1,Basic,Bank,0
63,21.174694382891207,73.10985551696125,2,6,0,Basic,Bank,0
64,5.294723994358442,27.044209679557092,0,11,3,Enterprise,Card,0
65,3.9576340816109905,27.353478790951208,1,9,0,Enterprise,PayPal,1
66,9.388884998492951,66.89088879868328,2,13,1,Enterprise,PayPal,0
67,1.8227777738475464,13.641456002979716,1,9,0,Enterprise,PayPal,1
68,19.445803149296776,5.853333479033074,3,11,1,Enterprise,Bank,1
69,0.9297104257357081,21.895966579705824,0,5,1,Premium,Card,1
70,52.00975607504783,16.930455320891298,2,9,1,Enterprise,Card,0
71,17.753805314898138,17.570734486615276,0,9,0,Basic,Card,0
72,2.6584732860706315,13.303058297974838,2,5,0,Enterprise,PayPal,1
73,0.0664490445112257,2.150239046867366,0,5,2,Basic,Bank,1
74,20.27876132983351,0.901780141597453,2,10,0,Enterprise,Card,1
75,14.725150888644535,219.99889895561512,0,13,1,Enterprise,Bank,0
76,15.667954905455987,27.910987344605097,0,8,0,Basic,Card,1
77,17.70257431252216,24.251936372765893,0,12,2,Basic,Bank,0
78,0.9231511861655561,56.916632431322356,1,8,0,Basic,Card,1
79,5.32671206899479,12.311262797046666,2,11,1,Basic,Bank,1
80,1.477801255253396,149.7478126869888,3,11,0,Premium,Card,0
81,23.862354859898673,77.16963909377931,0,12,2,Basic,Card,0
82,11.715614300548488,4.683181932050347,1,14,2,Enterprise,Bank,1
83,4.821825615015612,27.028238701669487,1,12,2,Enterprise,Bank,1
84,0.7880167896573946,105.64714800704267,0,7,1,Premium,PayPal,0
85,4.469860204924244,144.7780801560416,1,8,0,Basic,Bank,0
86,4.719770558209576,31.499372155069615,1,11,0,Enterprise,Card,1
87,15.694509407492891,47.519708628821824,2,7,2,Premium,Card,0
88,12.17867230711224,9.138119462839928,0,18,1,Enterprise,Bank,0
89,26.187022948818175,236.47223430464064,0,10,0,Premium,PayPal,0
90,7.668793600515718,13.176908250884164,0,10,0,Premium,Bank,1
91,1.5284687233860228,143.0004665746944,0,3,0,Basic,Card,0
92,14.989516131799192,52.440652973428,4,11,0,Premium,Card,1
93,17.164713036922368,46.7911111436097,1,7,3,Enterprise,PayPal,0
94,9.886649938629946,35.94258762962206,2,13,1,Enterprise,Bank,1
95,17.686679600656376,13.111751402598133,0,10,0,Basic,Card,1
96,8.169776778123335,9.711288501168363,1,7,2,Basic,Card,1
97,8.876146065327205,12.454244931025338,2,13,1,Premium,Card,1
98,6.693770326901128,10.316673177727509,1,12,1,Basic,Bank,1
99,0.30897328788136474,75.61203787863982,1,11,1,Enterprise,Bank,0
100,1.37000922230239,21.548782053653717,2,7,0,Enterprise,PayPal,1
101,0.3832041755166459,2.979150416638424,1,10,1,Basic,Card,1
102,12.140754611130593,173.85421082633871,3,15,0,Basic,Card,0
103,4.528760505541198,107.61604850130001,2,8,5,Basic,PayPal,0
104,8.52524612561028,131.38272769033773,1,8,1,Premium,Card,0
105,28.575186358151704,264.00248845248535,1,9,1,Premium,PayPal,0
106,3.44086587579958,9.551684828809266,2,9,1,Enterprise,PayPal,1
107,6.339383698592071,25.229092744694036,0,16,1,Premium,Card,0
108,16.904989770463,70.99017377406354,0,6,0,Premium,Bank,1
109,3.1176618830087284,59.53977012106687,1,19,1,Premium,Bank,0
110,0.9612513426021163,8.355644239675343,1,4,0,Premium,Bank,1
111,4.105683646644685,84.59565014931576,0,10,0,Enterprise,Bank,0
112,2.1097003020007543,12.708533362029314,1,9,1,Basic,Card,1
113,31.859401030567497,12.668387698482153,3,9,2,Enterprise,PayPal,0
114,19.810644965814834,38.49864921454185,1,14,0,Premium,PayPal,0
115,12.041930286246373,44.93972620934595,0,9,0,Basic,Card,1
116,24.61823676624976,43.38529227647337,0,9,1,Basic,Bank,0
117,19.535627288886676,4.797295148550687,1,16,0,Basic,PayPal,1
118,2.477945716303669,104.96624056457118,3,17,2,Enterprise,Card,0
119,26.769760862826733,15.435074883350778,0,10,0,Basic,Card,1
120,9.301198823594063,6.935233048470016,2,11,3,Enterprise,Bank,1
121,19.768179495642794,109.79790492400167,0,8,3,Enterprise,Card,0
122,27.170911791434776,155.78381763766396,4,9,1,Premium,PayPal,0
123,4.5927685970198215,99.07133922374811,1,12,0,Premium,PayPal,0
124,1.39910592148621,82.90937348668062,0,4,1,Basic,Card,0
125,3.1042409536725764,53.245625059931,1,11,1,Basic,PayPal,1
126,6.684692312983373,40.02073907849494,2,13,3,Premium,Card,1
127,20.44595671966734,4.550244837617541,2,15,0,Enterprise,PayPal,1
128,23.656139662557997,26.25072499551324,1,8,1,Enterprise,Bank,1
129,0.08371691017980776,23.315603931530806,1,6,2,Premium,PayPal,1
130,8.578513912062668,15.038621173814223,1,11,0,Enterprise,Bank,1
131,6.483279851024056,64.26277899985342,3,16,0,Premium,Bank,0
132,3.014008059309894,34.24662419588268,1,11,1,Premium,Card,1
133,1.5321646985477617,4.225972361777927,0,4,1,Basic,Bank,1
134,4.9429029583491895,12.434813059020824,0,11,1,Basic,PayPal,1
135,34.3574534722938,57.48350637986245,0,13,0,Premium,PayPal,0
136,4.684605634577693,3.9592420097456156,1,16,3,Basic,Bank,0
137,8.777433669121823,95.25993115221024,0,10,0,Premium,Card,0
138,14.569043722570258,34.17435221560392,0,16,1,Enterprise,Bank,0
139,5.423693987603548,32.752756871779546,1,10,2,Enterprise,PayPal,1
140,42.813577659500396,44.87440382940374,1,17,2,Enterprise,PayPal,0
141,39.38411837449678,87.05739564722383,1,13,1,Enterprise,Bank,0
142,3.4807355399064637,21.37090669726076,0,6,1,Premium,Bank,1
143,8.251911341566167,56.662694896142554,1,11,2,Enterprise,Bank,0
144,4.2951655209485615,41.70466705174868,0,15,0,Enterprise,PayPal,0
145,4.022996116572981,15.532407280053537,0,7,1,Enterprise,PayPal,1
146,0.45101373318627036,105.44557177201793,0,13,2,Enterprise,PayPal,0
147,11.285904851791118,79.83250668763662,0,8,0,Premium,Card,0
148,8.382235593955661,53.713328469243805,0,10,1,Enterprise,PayPal,0
149,0.6342130485647097,95.05028592708032,2,11,1,Basic,PayPal,0
150,3.9195110521244323,100.98103191102649,0,11,0,Basic,Card,0
151,28.666331413072086,61.612266045465546,2,11,3,Basic,Card,0
152,3.2863266257049246,90.70434253104662,1,11,0,Basic,Card,0
153,1.878370331825637,59.778983218599194,0,7,0,Basic,Card,1
154,8.067265313683635,56.99371458644325,2,11,1,Basic,Card,1
155,50.92844379138312,48.19682095110941,2,10,2,Premium,Card,0
156,3.3257377627167144,69.86101958130321,0,12,2,Basic,Bank,0
157,13.38186012356752,8.63470877306395,1,9,0,Enterprise,Bank,1
158,17.206651514873556,106.37731590260766,2,7,0,Basic,Bank,0
159,3.2559980680296694,102.72516610714678,1,9,1,Premium,Bank,0
160,15.632987141907794,1.4841755771511007,3,9,0,Basic,PayPal,1
161,5.502273591171648,87.38236881376568,1,10,0,Enterprise,Card,0
162,12.006044972781256,6.898195370187782,0,14,1,Enterprise,PayPal,1
163,12.046053925651659,20.40734912546543,0,10,0,Premium,Card,1
164,9.208622999428187,68.03294015803708,2,4,0,Premium,Card,1
165,1.1355499057394516,8.762921736478159,1,3,2,Premium,PayPal,1
166,21.643737530955562,85.17837110792861,1,10,2,Premium,Bank,0
167,4.641723524008759,89.2295148506112,1,14,0,Basic,PayPal,0
168,2.4771852792906786,35.40976526547985,0,4,0,Basic,PayPal,1
169,0.49955711753214244,0.32031743087075837,0,6,0,Enterprise,Card,1
170,10.725340855135002,16.916367135592754,0,10,1,Premium,Card,1
171,13.582220811208186,47.97647471818692,3,6,1,Premium,Card,1
172,0.20072337070164742,198.6581733987204,1,10,1,Basic,Bank,0
173,8.61156701459386,49.95828745445317,2,11,0,Premium,PayPal,1
174,3.0818897646594916,15.041984850505852,2,10,1,Enterprise,PayPal,1
175,12.433492098572303,50.25687639707752,1,6,0,Enterprise,Bank,1
176,2.299250670469605,38.824850338883564,1,17,1,Premium,PayPal,1
177,14.09055033081263,75.67126150647327,0,12,2,Enterprise,PayPal,0
178,5.867504411773221,5.657350864791453,1,9,0,Enterprise,Card,1
179,33.12412581365169,71.57042403682414,1,5,1,Basic,Bank,0
180,1.7753329612713473,38.96430095349447,0,13,2,Enterprise,Card,1
181,5.0055892079420605,164.83106388838328,0,10,2,Premium,Bank,0
182,1.445331420443957,20.91780449945556,1,15,3,Premium,Card,1
183,31.034284765808685,50.068184867251155,3,8,2,Enterprise,PayPal,0
184,25.180004485931928,134.43304877842758,1,14,0,Premium,Bank,0
185,3.579928440737867,5.407649883263731,0,9,1,Basic,Bank,1
186,12.945152868526975,138.4126963419384,0,21,1,Enterprise,Card,0
187,20.393808871670657,58.21929417789845,1,13,1,Enterprise,Bank,0
188,9.721588328238097,3.512382514555415,4,12,1,Enterprise,PayPal,1
189,9.051352922327354,17.90262082141199,0,11,1,Premium,PayPal,1
190,3.3225245452548378,61.579549756065624,1,4,2,Premium,PayPal,1
191,1.1727136856992888,3.486296369738066,2,6,2,Enterprise,Card,1
192,27.301478702334272,43.634086454748186,1,10,0,Premium,Bank,0
193,27.68129313178112,21.223456575568058,1,6,0,Premium,Card,0
194,12.032039033794618,48.49980952374174,1,9,1,Enterprise,PayPal,0
195,4.968558117735887,2.3410619638977423,0,9,1,Enterprise,Bank,0
196,5.154811389739727,102.60564224384564,0,10,0,Premium,PayPal,0
197,15.533585156725417,181.50971875721706,2,9,1,Enterprise,Bank,0
198,27.289168189287025,173.49178322458755,0,11,1,Enterprise,Bank,0
199,26.17359083275936,69.2451328480615,1,10,1,Enterprise,Card,0
200,18.162746303170838,6.968059941690289,2,11,2,Enterprise,Bank,1
201,12.32772832281246,70.995286558018,0,12,0,Premium,PayPal,0
202,1.0547007143530087,1.2447111141255656,2,9,3,Enterprise,Bank,1
203,2.115530576200938,1.1185973867236931,0,11,0,Basic,PayPal,1
204,27.45876600213007,19.54928851086151,1,12,1,Enterprise,Card,0
205,11.189927363587074,33.534383746084,2,11,0,Basic,PayPal,1
206,0.11087526733193291,73.57244612919284,0,6,0,Enterprise,Bank,1
207,1.283962817231392,57.48928634454094,0,9,1,Basic,PayPal,0
208,13.069948647482892,29.520749369785428,1,10,0,Basic,PayPal,0
209,0.060893244621564036,15.984558127920351,0,8,0,Enterprise,Bank,1
210,2.103789793250389,292.576438082849,1,16,2,Enterprise,PayPal,0
211,9.54837415366718,27.772089505501707,0,10,1,Enterprise,Bank,1
212,14.127783439857751,30.018102421227145,1,11,1,Basic,Card,0
213,12.665297785622984,8.933839622727785,1,9,0,Premium,PayPal,1
214,3.047398407696294,79.19083503186542,4,15,2,Premium,Card,0
215,14.945007466782467,59.15661190182869,2,11,1,Enterprise,PayPal,0
216,3.249885108633671,12.472426472658798,0,9,0,Premium,PayPal,1
217,4.723618907017014,4.298652845118935,1,15,0,Premium,Card,1
218,16.46829061998949,57.04979103686202,1,7,0,Enterprise,PayPal,0
219,12.585285771633217,53.13975472115715,2,7,0,Basic,PayPal,0
220,22.70347292956081,15.959292433686983,0,8,1,Enterprise,Card,1
221,12.861759458037149,150.65772031925547,0,11,0,Premium,PayPal,0
222,10.080531667047088,8.188214159732542,0,11,2,Basic,Bank,0
223,1.1802847373809258,28.311173625170582,0,5,0,Premium,PayPal,1
224,5.500995686484241,143.77842163998272,0,10,0,Basic,PayPal,0
225,3.697921774305974,27.212857134677503,0,8,2,Premium,PayPal,1
226,3.3564024439490554,50.878250886505135,2,13,3,Enterprise,Card,0
227,43.34771287395511,25.341215150456982,1,11,0,Premium,Bank,0
228,5.992649964480285,16.025086503344063,1,14,2,Premium,Bank,1
229,26.71266253498227,206.6885264565887,1,11,1,Basic,PayPal,0
230,11.968012628837798,26.32522879227116,3,8,1,Premium,Card,1
231,19.005903032260797,112.26262534240661,1,3,2,Enterprise,Card,0
232,8.381223892665245,13.065290624194523,1,15,1,Enterprise,Bank,1
233,10.32187083169902,11.983004068942895,1,7,2,Enterprise,Card,1
234,8.139521200100322,1.58145245477775,0,14,1,Basic,PayPal,1
235,2.606578743902862,52.72979294379948,3,12,1,Basic,PayPal,0
236,15.381141636789646,22.984952708610066,1,8,1,Premium,Card,1
237,3.9549284203951554,99.88690294133968,1,8,0,Premium,PayPal,0
238,0.29539777296826336,32.04765573514069,1,19,2,Premium,Bank,1
239,12.443625435543286,172.40411706004005,2,6,2,Basic,PayPal,0
240,2.339202842697872,10.26060891304192,2,12,0,Basic,Card,1
241,33.85299776727964,101.48427523649552,2,7,1,Premium,Bank,0
242,36.93074895345628,74.93886523371488,0,8,4,Basic,PayPal,0
243,29.562118615606096,73.68460219450182,0,11,1,Basic,Bank,0
244,5.5474487579684,93.14663054072945,1,7,1,Enterprise,Card,0
245,0.18692778446333258,71.56960563018635,1,8,1,Enterprise,PayPal,0
246,31.626281487982677,49.20443752117819,3,9,0,Premium,PayPal,0
247,6.707259324636736,7.034699296379124,2,9,0,Premium,Bank,1
248,40.810104193464674,1.6533456674992855,1,4,1,Enterprise,PayPal,1
249,39.764825713562466,126.8191650907132,0,5,0,Basic,PayPal,0
250,23.00864420615303,47.94038447153901,2,8,1,Premium,PayPal,1
251,4.185312818065923,79.61362694658197,1,14,1,Premium,PayPal,0
252,5.835503185184323,32.84291801348973,2,13,2,Premium,Card,1
253,22.856719829736956,6.238958208700401,2,12,1,Basic,PayPal,1
254,4.573754777168605,6.68718745581692,1,10,1,Enterprise,Bank,1
255,2.2286233955490573,57.84894074723557,2,10,0,Premium,Card,0
256,9.764843904722733,28.132785996209513,0,8,2,Enterprise,Bank,1
257,33.0155216496845,11.189983744581806,0,14,0,Enterprise,Bank,0
258,14.289907173095246,33.82380067046655,1,17,0,Basic,Bank,0
259,10.129348037227867,3.318152539672983,0,8,2,Basic,Card,1
260,1.2267383681918747,43.61027161624753,1,6,0,Basic,Card,1
261,11.454368586212613,15.66663983062287,3,12,2,Basic,Card,1
262,55.32683697415581,79.8653645015981,0,6,0,Basic,PayPal,0
263,1.8110470397071698,18.57941985900969,3,12,1,Basic,Bank,1
264,8.765943899778044,30.368675459765626,3,14,0,Premium,Card,1
265,25.183303654809535,0.5844293025465451,2,10,2,Enterprise,Bank,1
266,16.20041098024404,3.760261115334893,1,12,0,Basic,Card,1
267,14.328893103620077,24.91962485428586,1,11,0,Premium,Card,1
268,14.547450674693879,32.690442439000634,0,12,0,Enterprise,Card,1
269,5.3459081077793895,45.81710517459567,0,12,1,Basic,Bank,0
270,4.170745011205142,17.24173575372291,0,14,2,Basic,PayPal,1
271,19.88849408711655,59.369205719459295,2,5,0,Premium,Card,0
272,19.935938389044345,98.34937522015511,2,14,3,Enterprise,Card,0
273,24.215400568414978,75.67253193487853,0,11,2,Basic,Card,0
274,29.335391542039638,2.0212508198851578,2,8,0,Enterprise,PayPal,0
275,8.593118843194844,32.74509207510541,0,9,2,Premium,Bank,0
276,8.35421253061439,5.542677540477307,0,9,1,Basic,Bank,0
277,19.21139918770185,13.85656413923591,1,10,0,Enterprise,Bank,1
278,12.596628898653602,215.85913276147167,0,14,0,Premium,Bank,0
279,14.526607782138203,7.686445108652931,0,10,1,Premium,Card,1
280,19.063433699450457,34.54629781045037,2,11,1,Basic,PayPal,1
281,26.487881716161205,48.137121748064324,1,9,0,Enterprise,Card,0
282,4.94978888565185,60.61116574288691,1,7,1,Basic,PayPal,0
283,5.651241464730676,41.00912120190553,3,11,2,Basic,Bank,0
284,1.1843524702483266,0.4909447692281613,1,10,0,Enterprise,PayPal,1
285,10.360968319313216,19.760491799893007,2,13,1,Enterprise,Card,1
286,0.43924925053028396,36.460654678634164,1,8,1,Enterprise,Card,1
287,7.519283378185316,4.598445855202536,0,15,3,Premium,Bank,0
288,9.387535028245512,21.58739455418413,1,3,1,Premium,Card,1
289,4.05156792377427,1.6883422852762027,3,9,1,Enterprise,Card,1
290,10.723590361754104,4.091884480404363,1,6,2,Premium,PayPal,1
291,0.37170074521769453,25.285542676779745,1,16,2,Basic,Card,1
292,0.4567619913934726,7.119425296233069,1,5,0,Enterprise,Bank,1
293,20.75221643445763,41.91337019590603,0,8,2,Basic,Bank,0
294,5.3590202904929365,58.4729281579217,1,11,2,Enterprise,Card,0
295,1.630668495569136,80.61878595553796,1,5,0,Basic,Bank,1
296,8.863843059348188,11.16656871289236,0,3,2,Enterprise,PayPal,1
297,17.63577528534882,9.165056756753847,1,13,0,Basic,PayPal,1
298,2.91741604115884,5.522440864253784,0,9,2,Enterprise,Card,1
299,11.702635423877915,50.58920573520652,1,10,1,Enterprise,Card,0
300,1.0705323478787674,61.28974697557997,1,14,2,Premium,PayPal,0
301,0.6367811509237129,1.6047873368016057,0,13,0,Basic,Bank,1
302,9.09490728750625,137.60970272244543,1,7,1,Premium,Card,0
303,9.334925312336907,2.6685242839504015,0,5,1,Basic,Card,1
304,12.17444937845539,38.9675444047811,0,8,1,Premium,Bank,1
305,15.53952675500021,61.73200020306196,0,9,2,Enterprise,Card,0
306,44.68268410439991,102.38517762273804,1,13,1,Premium,Bank,0
307,8.715493430764276,62.603373643601316,2,13,1,Premium,Bank,0
308,4.680236569271745,80.9057936298363,1,8,1,Enterprise,Bank,0
309,19.027847756792234,20.73413745732168,1,7,2,Premium,Bank,0
310,3.7902175852336475,84.32272846739617,1,7,3,Enterprise,Bank,0
311,6.935801175279616,4.175322487908133,1,8,0,Basic,PayPal,1
312,0.9804620230040388,112.60251593926081,1,9,1,Premium,Bank,0
313,0.30813131449769254,39.65858414394647,0,15,1,Enterprise,PayPal,0
314,39.44855907922322,84.99488048327594,3,8,0,Enterprise,Bank,0
315,21.69321170538075,30.10304859675232,2,17,1,Premium,Card,0
316,14.2877127935921,51.58195008600443,0,8,1,Basic,PayPal,0
317,6.310315733581703,37.36989069793848,2,8,0,Premium,Card,1
318,2.2836784337053047,65.76189174934603,0,13,0,Enterprise,Bank,1
319,2.0414488988742496,4.257744994447808,2,11,1,Basic,Bank,1
320,3.456071869519003,3.112501565950754,1,7,1,Premium,Card,1
321,9.561487779759775,14.19135787699582,1,10,4,Enterprise,Bank,1
322,15.04619145332131,8.690574325757503,0,17,0,Premium,Card,0
323,12.95268419636158,102.70177785011991,1,14,0,Basic,Bank,0
324,3.940947136667951,12.372707909027698,2,14,3,Basic,Bank,0
325,37.17724198267568,186.20514047170468,1,10,2,Basic,PayPal,0
326,16.068208858502715,20.541156216571466,1,7,1,Basic,Card,1
327,9.698765783175975,10.051855198942643,2,8,1,Basic,Bank,1
328,11.35236566444922,77.96065487971737,0,9,1,Premium,Card,0
329,6.528454386384617,53.750810267075934,2,6,2,Basic,PayPal,1
330,3.4159355072887623,34.47725543617169,1,6,2,Basic,Card,1
331,5.280169551877349,40.524914955781036,1,10,1,Enterprise,PayPal,1
332,17.018182173080557,63.505946986448315,1,12,0,Basic,Card,0
333,0.17397695664965132,12.967997284335336,0,6,2,Enterprise,Card,1
334,1.4805647068797125,280.4315616023852,0,5,3,Enterprise,PayPal,0
335,0.5651325234302463,184.03199889450474,0,9,1,Enterprise,Bank,0
336,0.49897742300750914,52.53765450662784,1,17,1,Premium,Bank,1
337,23.210436403387902,11.128588923444667,1,6,0,Premium,Bank,1
338,14.59488734040826,57.00738976376844,1,9,1,Enterprise,Card,0
339,7.713415132954708,3.7468685917146645,0,8,0,Premium,Card,1
340,1.235483021373759,1.5566058261809739,0,7,0,Basic,Bank,1
341,8.118215589566798,14.898937656944828,1,13,1,Premium,Card,1
342,7.697403985132454,31.052765093671947,1,8,1,Basic,Card,1
343,2.2823365536026996,101.35099625954203,1,11,0,Basic,Bank,0
344,6.8267895756278865,64.94514894089446,2,6,1,Premium,PayPal,0
345,6.100039374998483,67.8768952374661,1,13,0,Premium,Card,0
346,11.480669194957613,27.712178970370694,2,6,0,Enterprise,Card,1
347,12.097374432490945,21.22742663447413,1,7,2,Premium,Card,1
348,0.5563478882464168,23.184282527364854,0,11,2,Premium,Card,1
349,5.6326080558607385,219.70319457582522,2,12,0,Premium,PayPal,0
350,11.797499937392743,2.0467871021964337,0,13,2,Basic,Bank,0
351,8.393273431293476,100.88214958778694,0,10,0,Basic,Card,0
352,23.296193438105263,43.217587067633126,0,6,0,Basic,Bank,0
353,12.899697168659973,28.867454051732977,2,14,1,Enterprise,Card,1
354,2.134234425207688,64.59607837444352,1,12,1,Enterprise,PayPal,0
355,0.8781892350748901,33.3417151799607,0,12,0,Enterprise,Bank,1
356,12.340729765306694,103.34531706338834,3,7,3,Basic,PayPal,0
357,0.32242887200873316,115.48142398101872,3,4,0,Premium,Card,1
358,10.576168533687488,27.38493506770124,1,8,1,Enterprise,PayPal,1
359,33.807065464645824,16.205395354257096,0,15,1,Enterprise,PayPal,0
360,10.281389346930533,44.867356097045466,0,10,1,Basic,Card,1
361,5.895608306686887,121.72779697617995,0,7,1,Enterprise,Card,0
362,12.369925894139783,11.828044947501228,1,10,1,Premium,Bank,1
363,7.355471688613095,48.77107288497878,1,10,1,Basic,Card,0
364,9.465772326915841,49.92390001127717,6,7,2,Basic,Bank,1
365,34.05752575479599,66.04650075634278,0,15,1,Premium,PayPal,0
366,5.855130328202246,7.053281485133021,0,9,2,Premium,PayPal,1
367,38.98910233808105,62.908245456355495,0,12,0,Premium,Bank,0
368,28.29091420523903,119.86266031446225,0,14,0,Enterprise,Card,0
369,2.6147551312854,9.903228039007228,2,7,1,Premium,Card,1
370,0.8626098636378843,13.560479584358099,0,7,1,Basic,PayPal,1
371,1.2747040257795625,177.7088519430756,2,15,1,Premium,Bank,0
372,0.22067865416680443,9.982152737757895,1,9,1,Basic,PayPal,1
373,1.1904601398690497,96.3394883878329,0,11,1,Basic,PayPal,0
374,13.786498470926006,33.89104712767745,1,13,0,Enterprise,Card,0
375,0.8861955233571243,14.199848499718524,2,9,0,Premium,Bank,1
376,4.609886259538422,102.30030008724245,0,9,1,Enterprise,PayPal,0
377,22.362312481167326,29.466866277997788,0,16,1,Premium,Card,0
378,0.2825640381685381,36.161493455055904,0,12,3,Premium,PayPal,0
379,20.214366074231503,22.254497958890394,1,14,0,Premium,PayPal,0
380,3.973001602075554,44.94106713425393,0,3,0,Premium,Card,1
381,1.5090014379492915,8.927864880881568,2,12,0,Premium,Card,1
382,14.317864901278961,24.80354531817368,1,12,1,Basic,Bank,1
383,11.896790117198643,174.35790209105718,0,11,2,Basic,PayPal,0
384,25.19298976904336,14.92929402120031,0,12,1,Premium,Bank,0
385,15.939522945172804,53.46286922585514,2,7,0,Basic,Card,0
386,19.52394967192774,19.666210219446352,1,12,1,Enterprise,Card,1
387,3.9760063476808627,74.24458453535824,0,9,2,Enterprise,PayPal,0
388,2.3439995524853634,7.013338980506838,1,15,0,Enterprise,Bank,0
389,16.665076752065097,175.03052272122,0,12,1,Premium,Bank,0
390,19.730510198921035,30.23754610823689,4,9,0,Premium,PayPal,1
391,55.88405868168277,13.462677174886013,1,7,3,Basic,PayPal,0
392,6.38495224983126,3.8168861277968533,5,7,2,Basic,Bank,1
393,5.582926943540793,9.301897005229696,1,14,2,Basic,Card,1
394,17.975454040123044,36.674917271479075,0,6,1,Enterprise,Card,1
395,5.0008040511690375,20.549253990258332,2,11,1,Enterprise,PayPal,1
396,32.04165509279191,88.27049420610787,4,11,3,Enterprise,Bank,0
397,23.458069885994988,28.18385953427962,2,11,1,Enterprise,Bank,0
398,6.724267313305916,14.29846184879255,1,15,0,Basic,Bank,1
399,16.677416597945534,48.00494582867339,0,8,1,Premium,Card,0
400,16.855595842260207,61.341130347967244,2,11,1,Premium,Card,0
401,1.3060502256806164,9.138597384292341,2,10,1,Enterprise,Bank,1
402,27.941348170411583,9.173263506538035,0,8,3,Premium,Bank,0
403,8.444489877081052,1.8680364004741368,0,5,0,Premium,PayPal,1
404,21.01599069027996,66.66650603949171,0,14,1,Premium,PayPal,0
405,4.6288251139740995,54.50312625735495,1,9,1,Enterprise,Bank,1
406,27.105486174551114,32.182708481764635,1,12,0,Basic,Bank,0
407,5.915861448722055,92.94962453380751,0,11,2,Basic,Card,0
408,0.13076167938210576,81.90991605846757,2,7,0,Premium,Bank,0
409,28.294887563549445,44.016550681796076,1,8,0,Basic,PayPal,1
410,1.148707326581703,101.35053132645014,1,10,2,Basic,Card,0
411,4.615843600620467,11.523592518528677,0,6,0,Enterprise,PayPal,1
412,35.963668598259424,5.934651069514229,0,10,2,Enterprise,PayPal,0
413,36.09539448124787,15.718390286405395,1,11,0,Premium,Card,0
414,10.223967492663165,2.9390553364981353,1,9,0,Premium,PayPal,1
415,11.990760964686295,37.87570214169719,1,15,2,Premium,Bank,0
416,7.140175963474292,137.91906027009833,1,11,1,Enterprise,PayPal,0
417,4.164273344954364,2.006920820469112,3,12,1,Basic,Card,1
418,4.781836014604677,6.511693999155837,1,11,2,Enterprise,Card,1
419,13.395882959142074,30.092162415096546,1,10,0,Enterprise,Card,1
420,16.750054483956927,135.81043269379973,1,10,0,Basic,PayPal,0
421,18.818344994653785,19.00128055283935,0,13,0,Basic,Bank,0
422,18.7059723821849,35.386125188567256,1,5,1,Premium,Card,0
423,1.1476433584838333,2.123086650052585,1,11,1,Basic,Bank,1
424,8.18459515888027,8.028582566820946,0,8,1,Basic,Card,1
425,0.7113804773848535,215.73755422666895,0,15,0,Basic,Bank,0
426,9.569535788344716,167.79021539099546,0,8,0,Basic,Bank,0
427,6.9906632998474025,0.2476111486913808,1,12,0,Premium,Bank,1
428,26.239423970649614,151.63203993394077,2,10,2,Premium,Card,0
429,5.1862994336146215,50.96048067842504,1,7,1,Basic,PayPal,1
430,1.4940717306294105,101.21672834882554,1,9,0,Basic,PayPal,0
431,1.8516918545054324,30.324613454600474,0,7,0,Premium,PayPal,1
432,17.201166564949126,36.24180343488855,3,10,1,Premium,Bank,1
433,11.55486815697642,33.554274975443,2,4,0,Basic,Card,1
434,1.2793045469446254,54.96026185327917,0,5,0,Enterprise,Bank,1
435,1.0542662600232608,7.520872710472859,1,5,0,Premium,Card,1
436,14.486501659837197,1.5215990459985635,0,9,1,Premium,Bank,1
437,0.9065530743095657,18.403404400689045,1,8,0,Premium,Card,1
438,20.702230245702978,60.98491737704197,0,11,1,Basic,Card,0
439,14.69999703756006,11.273152721830519,0,8,2,Basic,Card,0
440,1.0181850069637448,55.955920466598954,2,5,1,Premium,Bank,1
441,1.0638464133336802,175.1815195114605,2,14,1,Basic,PayPal,0
442,51.785502744697105,4.930319686089348,2,12,0,Basic,Bank,0
443,5.6260509906274745,55.82895419522681,0,11,3,Premium,Bank,0
444,5.55666312570375,29.326891987858676,2,10,1,Basic,Card,1
445,20.106904839392126,101.30158110967582,1,8,0,Enterprise,Card,0
446,35.305974455558925,9.749054952932191,0,16,1,Basic,PayPal,0
447,51.225287275223806,58.98449381901769,1,11,1,Basic,PayPal,0
448,16.798790761396102,91.04354307988228,1,7,1,Premium,Card,0
449,5.664251995429508,144.67161936901365,0,14,2,Premium,PayPal,0
450,1.046327924375487,57.481811749231106,1,10,0,Enterprise,PayPal,1
451,18.01491048545551,34.37563063057698,0,9,1,Basic,Card,0
452,9.808324890737916,48.09674277754708,0,16,2,Enterprise,Bank,0
453,6.624397503659685,101.59164546839557,0,6,1,Enterprise,PayPal,0
454,28.418852105737088,42.26945460345029,0,13,0,Premium,Card,0
455,1.4145624956625629,1.54291588669526,2,14,2,Basic,PayPal,1
456,8.142061312475452,133.64527536495865,3,15,0,Premium,PayPal,0
457,0.13702307319050003,58.48287680055751,0,6,1,Enterprise,Card,1
458,7.588252434995114,56.429877193974455,0,8,1,Enterprise,PayPal,0
459,0.6954051727911092,12.146599900901197,2,13,2,Premium,PayPal,1
460,1.5178919511740547,53.776849683404436,1,7,1,Premium,PayPal,0
461,1.5003147840894753,25.03257824479294,3,10,1,Premium,Bank,1
462,12.57082063688366,52.66755678436182,2,6,2,Premium,Bank,1
463,16.447172611157672,5.635653439134803,2,13,0,Premium,PayPal,1
464,10.506645326434423,53.62461592329283,3,11,1,Enterprise,Card,1
465,39.296642509228526,372.0861454852203,0,5,1,Premium,PayPal,0
466,5.637558935043206,2.4706499447150345,1,15,1,Basic,PayPal,1
467,4.037629889046705,188.99315562811142,2,14,0,Enterprise,Bank,0
468,24.354030458042757,26.120284122729863,1,16,2,Enterprise,Bank,0
469,3.0369848127822405,102.30167305078766,1,16,0,Basic,Bank,0
470,39.63444127502293,76.25150284671463,3,9,4,Basic,PayPal,0
471,0.1467473323076317,41.85275529632762,4,8,0,Enterprise,PayPal,1
472,42.03032307455378,67.05633929263293,1,12,2,Premium,Card,0
473,0.5294279834220228,105.39845504791698,0,16,0,Enterprise,PayPal,0
474,26.612654749920104,25.887503932435134,0,4,1,Enterprise,PayPal,0
475,9.001719004192683,19.802961239550324,4,8,1,Basic,Bank,1
476,59.481943295112394,55.06981585861534,2,9,2,Enterprise,Bank,0
477,0.9199365114534592,82.47289214855367,0,9,1,Premium,Bank,0
478,9.685315964800186,71.8341684410256,2,7,1,Basic,Bank,1
479,41.80290265507206,79.92827382238877,0,13,0,Enterprise,Bank,0
480,8.885327198172527,28.598124837094325,1,11,0,Enterprise,Card,1
481,11.911539484574249,85.14190531929316,2,12,0,Premium,Card,0
482,14.27881485740129,6.403548132678573,0,4,0,Enterprise,Card,1
483,7.2735330681234105,39.316781417214145,2,10,2,Enterprise,Bank,1
484,11.852090076096264,0.28876527581269273,1,8,1,Enterprise,Bank,1
485,10.533910341669067,19.621459547159393,1,14,1,Enterprise,Bank,1
486,27.77079323379177,22.821728131459306,1,11,0,Premium,Card,1
487,0.5581375409217717,25.22335175943337,2,9,0,Enterprise,Bank,1
488,3.9581127107851017,59.44882510155721,0,9,2,Enterprise,Card,0
489,36.04795207033118,24.596767135570325,1,12,0,Enterprise,Bank,0
490,26.516109941441833,29.77322927819642,0,9,1,Basic,PayPal,0
491,7.298103143515441,13.560532436598896,0,15,3,Premium,Card,0
492,11.615196344867726,23.36052002753381,3,11,1,Basic,PayPal,1
493,3.8984810387415614,12.891254876652441,1,14,1,Basic,Card,1
494,2.5008499372327737,3.8006544127693607,2,10,0,Premium,Bank,1
495,7.4767031856491855,46.24747976592281,1,5,1,Basic,Bank,1
496,5.2314424154008,55.16307375355345,1,10,3,Basic,PayPal,1
497,10.514924472079716,48.31218650742091,0,10,1,Basic,Bank,0
498,0.9710674131982175,31.13388075084737,0,14,2,Premium,Card,0
499,43.97952147027081,23.884517238994995,1,13,1,Enterprise,Bank,0
500,51.40638690663046,99.51063609473775,1,10,0,Premium,Bank,0
501,14.374366582953472,36.60290274007968,0,10,1,Premium,Card,0
502,9.216941212945079,32.61771957576247,1,8,1,Premium,PayPal,1
503,4.44455161865232,1.2988276971007235,1,6,0,Basic,PayPal,1
504,20.170886009855963,20.870394070539884,0,13,3,Enterprise,Bank,0
505,13.851955003785788,23.91756824494026,0,7,1,Premium,Card,1
506,2.1296838492058603,25.44327570989996,1,10,0,Premium,PayPal,1
507,29.019613103989528,43.39555274326353,2,15,0,Enterprise,PayPal,0
508,20.747934136407256,38.135855217643446,0,3,1,Enterprise,Bank,0
509,35.90086230040123,46.812567913740985,1,12,1,Enterprise,Card,0
510,15.523248050353612,72.38365643934405,0,7,1,Basic,PayPal,0
511,11.404848235096473,83.82852007425824,0,6,0,Enterprise,Bank,0
512,6.50043007911736,63.314237191569546,0,11,3,Basic,Bank,0
513,32.38822033856542,155.63993625021027,2,15,1,Premium,Bank,0
514,24.124708560563043,0.9200422291350013,1,10,0,Basic,Bank,0
515,0.5552752638374734,10.893995535625647,1,9,1,Enterprise,PayPal,1
516,0.32064980239813634,0.37958092657078446,1,15,1,Basic,Card,1
517,5.668173138999155,52.13164632038758,1,18,2,Enterprise,Bank,0
518,19.963772675953035,114.15410050332385,0,9,1,Basic,Bank,0
519,52.37130561864201,13.951467213888675,1,18,1,Premium,PayPal,0
520,1.956114119213756,130.88845831118593,0,11,0,Basic,Bank,0
521,10.820689562588829,3.107995096936032,1,8,0,Premium,Bank,1
522,5.753684397097153,136.2364461500059,0,11,0,Enterprise,Card,0
523,42.044502652511554,21.66412396532692,3,6,1,Premium,Bank,1
524,22.150958489203617,5.347023069596843,0,10,0,Enterprise,PayPal,1
525,21.866280557638287,33.26412744497058,1,8,1,Enterprise,Card,1
526,7.588986853677282,14.837928153908594,0,17,2,Premium,PayPal,1
527,6.430019235928189,16.764749629583097,2,17,2,Premium,Card,1
528,3.832666705800735,18.35718935806393,0,10,1,Basic,Card,1
529,0.6963235661380346,81.23415099827118,0,7,2,Basic,Bank,0
530,24.005113680039724,38.73535690691302,1,12,2,Premium,Bank,0
531,20.113409270999075,18.648034787672625,2,10,1,Premium,Bank,1
532,98.069347173817,47.12323804772562,0,9,2,Premium,PayPal,0
533,68.33848080893199,62.965586232405066,0,10,0,Premium,Bank,0
534,9.727819111696729,15.915587110402301,3,7,1,Enterprise,Bank,1
535,17.58339708247513,26.683316697955107,0,12,0,Premium,Card,1
536,34.754060194493235,6.498947976070027,3,9,1,Premium,Bank,1
537,22.737264176510948,9.992678386106936,2,6,1,Premium,Bank,1
538,3.4098293349737583,57.14668463130851,1,8,0,Premium,Bank,1
539,7.185921928798374,10.010328074182361,1,13,1,Enterprise,Bank,1
540,1.6595561317570637,37.239224986605,2,13,0,Basic,Card,1
541,36.96268543730051,61.72954997198428,1,8,0,Basic,Bank,0
542,11.182172431063417,5.651544176023521,2,7,1,Basic,Card,1
543,3.115244705021804,41.886943628407344,0,10,0,Basic,PayPal,1
544,13.365954470079004,14.823548004624207,1,10,0,Basic,Bank,0
545,11.55204521691686,164.7431485903963,2,14,3,Enterprise,Bank,0
546,5.321045547565273,33.038418566340354,0,11,1,Basic,Bank,1
547,1.4464694567816312,81.99293587176795,1,9,1,Enterprise,Card,0
548,13.361295402229224,39.95056249968056,0,10,2,Enterprise,Bank,0
549,8.815325090232452,2.2191524639933062,1,14,0,Basic,Bank,1
550,17.75768497152618,50.14029917871762,1,7,0,Basic,PayPal,1
551,8.81171832508218,151.21002600623663,1,9,3,Basic,Card,0
552,22.941241335701807,46.016421137691225,0,10,3,Premium,Card,0
553,9.63304942825785,85.51511073538646,2,8,1,Enterprise,PayPal,0
554,9.877374971761766,107.79732650770167,0,3,2,Basic,Card,0
555,25.11310371875726,12.943703291825011,0,9,0,Premium,Bank,1
556,6.199767767857404,11.915704709007787,0,8,2,Enterprise,Bank,0
557,1.7266554646835872,47.20635323547652,0,8,1,Premium,PayPal,1
558,0.3504602571851362,26.468871616678864,0,9,2,Premium,Card,1
559,16.884689431951028,91.5857491084462,1,7,0,Basic,Card,0
560,11.620787604728156,115.14081768564279,2,12,1,Enterprise,Card,0
561,14.611984173574518,21.803023921175736,5,5,1,Premium,PayPal,1
562,2.8737779219213215,13.516380730422153,0,4,3,Enterprise,Bank,1
563,1.7593506147393438,75.82596478962243,2,12,1,Basic,PayPal,1
564,0.1758177151880254,16.06580613670829,1,14,0,Enterprise,Bank,1
565,5.180247138180831,86.47144627595175,1,14,3,Premium,PayPal,0
566,10.696768507979336,27.559665037770507,1,7,0,Premium,Bank,1
567,5.9757824107338084,55.06327516026851,0,17,0,Enterprise,Card,0
568,6.903834753941174,5.02060086455629,1,7,2,Premium,Card,1
569,28.1407382757773,48.88960345326871,2,11,1,Premium,Card,0
570,5.137231373101341,30.052806898139252,1,6,0,Premium,PayPal,1
571,8.658300336867853,44.16800520333024,1,7,0,Basic,PayPal,1
572,18.37046085263642,9.196995746157896,1,9,1,Basic,PayPal,1
573,6.060961575590157,66.75606523742663,1,7,1,Premium,Card,1
574,11.677085704237024,99.31471316059388,1,17,3,Enterprise,Bank,0
575,23.79768772421168,12.214516334426968,1,7,1,Basic,Card,1
576,35.83428498449601,5.030510563140048,0,8,2,Enterprise,Card,0
577,1.9089825517780317,1.1961229965786995,1,10,0,Premium,Bank,1
578,31.339953156504947,51.35713440247937,2,9,2,Premium,Bank,0
579,8.130033371946368,46.709248666195904,1,8,1,Enterprise,Bank,0
580,3.584825452216749,39.559770669178285,1,12,0,Basic,Bank,1
581,7.375043608448371,13.194833147064442,0,9,1,Enterprise,Card,1
582,46.963837170967096,24.78913325326026,0,8,2,Enterprise,PayPal,0
583,8.141895512008317,45.1288023769661,0,8,1,Premium,Card,0
584,4.783392385205998,34.3350857495958,0,12,1,Basic,Bank,1
585,12.041835287491914,220.25665816906633,3,12,1,Enterprise,PayPal,0
586,3.295541612587235,7.334580630766366,0,15,1,Basic,PayPal,1
587,0.9467436597148204,59.39587812102318,0,13,0,Premium,Card,0
588,1.6557026365489902,25.902480040519972,0,8,1,Basic,Card,1
589,1.6442210888040854,27.948266282585788,0,8,1,Premium,Card,1
590,1.9771188186800757,63.22114307095264,1,15,1,Basic,PayPal,0
591,1.7935207928101986,58.95362876599073,0,11,1,Enterprise,PayPal,0
592,12.289008612909678,236.9693403932185,0,3,1,Premium,PayPal,0
593,2.4089562844137795,6.870906206829155,2,10,2,Enterprise,Bank,1
594,5.089671789537663,5.49686250203277,2,7,1,Premium,Bank,1
595,27.25168950154029,64.4291382836771,0,8,1,Basic,Card,0
596,7.708573699759124,43.18336252339902,3,10,2,Basic,PayPal,1
597,13.215469003828566,16.021329622501305,1,12,1,Premium,Card,1
598,2.269542205358598,4.137534367389874,1,13,1,Premium,PayPal,1
599,2.5626117719411408,4.477543553195397,4,11,1,Premium,Card,1
600,0.5007265526107837,112.30592562327945,1,11,0,Basic,Bank,0
601,2.2205681287869705,10.651451592998201,0,10,0,Premium,PayPal,1
602,3.9185774235737463,19.53164964737904,1,5,0,Premium,Bank,1
603,2.3377418097972953,12.851591504781664,1,8,0,Enterprise,PayPal,1
604,1.114630894324411,21.924961740521038,0,6,3,Premium,Card,1
605,1.5426745619202302,3.5975680365814915,0,13,0,Enterprise,PayPal,1
606,7.411552120384549,36.60061610127674,0,5,1,Enterprise,Bank,1
607,2.773106476141159,3.500342318872068,2,14,2,Enterprise,PayPal,1
608,5.4357733861310225,80.5611021079626,0,10,1,Basic,Card,0
609,8.400062216571964,13.309865384210301,0,11,1,Enterprise,PayPal,1
610,14.069489208150507,38.827734557429736,0,13,0,Premium,Bank,0
611,0.48126876120018514,106.04614082448708,0,4,1,Basic,Card,0
612,19.277930925913434,52.616602020513206,1,3,1,Basic,Bank,1
613,11.863124284407556,38.066781628736585,0,6,1,Basic,PayPal,1
614,1.0235451645160112,19.6028021242073,0,9,0,Basic,Bank,1
615,24.817616381857086,20.24840506119234,0,11,0,Basic,PayPal,0
616,30.440322556547137,55.35545752848681,1,12,0,Basic,Card,0
617,0.7562739307219608,256.9748337353652,0,12,0,Basic,Bank,0
618,3.8901221175438097,54.21168634826156,0,11,1,Enterprise,Bank,1
619,19.69122219871971,40.79777554839906,1,8,0,Premium,PayPal,0
620,16.5522868825717,65.58727620964056,0,11,0,Premium,Bank,0
621,2.4477555847416057,31.293646399120444,2,6,2,Enterprise,Bank,1
622,2.818788374178399,3.1013421741608775,1,9,0,Enterprise,Card,1
623,5.553421320292436,41.31071300719805,2,9,0,Basic,PayPal,1
624,7.951950776023373,158.06017136476675,0,12,0,Basic,PayPal,0
625,11.556022008702623,9.636958147035177,1,11,0,Enterprise,Card,1
626,5.523750756004214,58.559937923412896,2,10,1,Basic,Card,1
627,7.450693310651012,11.215567187112898,0,10,1,Premium,PayPal,1
628,16.51474728467811,38.374971301322326,1,12,3,Premium,Card,0
629,0.4484754278577415,5.083724185118045,0,12,1,Basic,Card,1
630,3.4912394625887666,29.925582892294035,0,8,1,Basic,Card,1
631,14.99390249947231,70.56283292712283,1,11,2,Basic,PayPal,0
632,27.06920105196736,21.352688074272706,1,15,1,Premium,Card,0
633,8.601349346500811,54.66806364380442,0,10,0,Basic,Bank,0
634,9.114354028236827,79.34713214581751,1,7,1,Enterprise,Bank,0
635,1.3603360624879606,130.98673463521044,0,7,1,Basic,PayPal,0
636,7.11771895300261,13.37058438577778,1,7,1,Enterprise,Card,1
637,9.127281588663479,25.48430664572674,1,13,1,Basic,Bank,1
638,3.3323136391278396,8.268267266120139,2,14,2,Basic,PayPal,1
639,3.764095342542526,244.53274810240276,0,8,0,Premium,Bank,0
640,5.683979817629664,130.86545485792863,2,5,2,Enterprise,Card,0
641,0.2433043290037742,38.82177993995614,2,11,2,Enterprise,PayPal,1
642,4.664697135073629,92.26854960309858,0,7,0,Enterprise,Bank,1
643,2.8506832274835583,36.79834776491431,1,14,0,Premium,PayPal,1
644,4.760990762783792,48.85324243108654,0,13,2,Enterprise,Bank,0
645,1.5307572394173752,4.66744897715109,2,8,1,Premium,Bank,1
646,26.544958799316298,70.38007175778695,0,8,1,Basic,Card,0
647,10.804785766554717,6.831866761445355,1,12,0,Basic,Card,1
648,13.63959549471638,87.45443674676696,1,11,0,Enterprise,Bank,0
649,18.680508388533497,76.16945335093325,0,12,0,Basic,PayPal,0
650,8.280437062186621,61.67775345468045,1,8,0,Basic,PayPal,0
651,1.09118513420947,1.8415184025776559,2,6,0,Enterprise,Card,1
652,9.24310035953787,18.057702002577507,1,11,1,Basic,Bank,1
653,10.607076694456483,15.266006958956375,1,11,1,Enterprise,Card,1
654,16.418599785700913,22.32501310097585,2,14,0,Enterprise,Bank,0
655,6.780415792595785,4.5861820286188815,0,8,0,Basic,Bank,1
656,1.6378160007517466,138.1975650446037,0,6,0,Basic,Card,0
657,4.005146163140447,40.34965093815907,0,7,1,Basic,PayPal,1
658,5.413377905695482,18.22990609738011,1,13,3,Basic,Card,0
659,12.45869533946234,25.290371555329955,1,15,1,Basic,Bank,1
660,10.149380654417035,29.63818011213151,2,11,1,Premium,Card,1
661,5.282481115821674,45.8888835110396,0,6,0,Basic,PayPal,1
662,51.67434926603775,36.25041260227198,0,11,1,Premium,PayPal,0
663,11.169996101606511,125.90785232588233,1,8,1,Enterprise,Bank,0
664,3.2495343450815994,34.35462564603948,0,8,1,Basic,Card,1
665,1.2881160554986422,242.41316326801177,2,8,1,Basic,PayPal,0
666,1.9906595110779106,95.33325566641402,0,8,1,Basic,Card,0
667,3.3876821927416914,11.691934191971594,2,5,2,Enterprise,PayPal,1
668,2.1019784994515285,133.3899730294427,2,15,2,Premium,Bank,0
669,2.477900945454965,6.185638975497147,0,19,1,Premium,Bank,0
670,4.027270178585359,85.03647870053629,2,8,2,Basic,Card,0
671,2.284829203954644,23.952080933354857,0,8,0,Basic,Bank,1
672,27.249017392270986,105.1761884121618,0,6,1,Basic,PayPal,0
673,1.003628551104002,101.26914595778133,4,9,1,Basic,Bank,1
674,8.920948201352433,81.97563291787237,2,6,1,Enterprise,PayPal,0
675,6.339666677871628,78.03963467821305,1,11,2,Basic,PayPal,0
676,48.463705992191045,18.16909347958934,1,5,1,Enterprise,Bank,0
677,1.4259281483688588,4.219066460037473,0,8,0,Basic,PayPal,1
678,6.087095924909165,25.790248237114984,0,10,0,Premium,PayPal,1
679,41.86871596952058,9.529251168332879,0,12,1,Premium,Card,0
680,24.074928743617857,59.3641575488737,0,8,0,Basic,Card,0
681,20.383956408434152,21.24002131065532,0,10,1,Basic,Card,0
682,3.5793010024020555,185.67951510635413,2,11,1,Enterprise,Bank,0
683,2.2487943934378505,51.21775572680621,0,12,0,Basic,Card,1
684,13.254715184181403,86.43375877049688,0,12,1,Basic,PayPal,0
685,31.804621139519465,7.108410438327972,1,13,3,Basic,Bank,0
686,9.763805062856907,99.03032716682254,3,9,3,Premium,Bank,0
687,10.172730737503038,128.04007243080665,1,9,0,Enterprise,Bank,0
688,3.94170036972781,33.38000702741247,2,8,0,Premium,Bank,1
689,17.60968510094506,46.602327491249525,0,12,1,Enterprise,PayPal,0
690,2.48493578575285,72.36803671659189,0,4,0,Premium,PayPal,1
691,4.693053757430792,9.608815422728965,1,15,1,Basic,Card,1
692,6.6497346008379665,34.914627410819726,1,12,2,Premium,Bank,0
693,8.501819551736382,25.42999078347839,3,12,1,Premium,Card,1
694,3.33135100283527,7.913105552263051,0,9,3,Enterprise,PayPal,1
695,1.4637992657296253,22.906474122836578,0,7,1,Enterprise,Bank,1
696,11.318395889152278,3.5303681352055105,1,9,1,Premium,PayPal,1
697,4.086760421238502,1.3075439984406323,1,5,2,Enterprise,Card,1
698,10.445436819509323,7.260901616428179,0,15,1,Enterprise,PayPal,1
699,2.0119770332481575,164.99766699885538,0,7,0,Enterprise,Bank,0
700,7.873456536342331,39.87313832790614,1,15,1,Enterprise,Bank,0
701,9.126566977548933,168.8088915942053,1,13,0,Enterprise,Card,0
702,0.6385758174854559,28.325539550412493,1,6,1,Premium,Bank,1
703,4.924603216565079,18.684961416535202,2,5,0,Enterprise,PayPal,1
704,1.7321919219831794,35.275348738864984,4,13,0,Basic,PayPal,1
705,0.7856671052702986,28.947344531327417,1,5,0,Premium,PayPal,1
706,55.21441573674389,5.583725029919597,0,9,3,Premium,PayPal,0
707,4.669560270233043,51.197460219874635,1,8,0,Premium,Card,1
708,19.920847365238785,12.169748099916532,4,3,2,Enterprise,PayPal,1
709,3.526666011520817,48.325014225288186,0,10,3,Basic,Card,0
710,13.729696212244217,52.519841966230985,1,9,0,Enterprise,PayPal,1
711,17.136794673938503,8.24519757772232,0,12,0,Premium,Card,1
712,10.865359130029677,3.165610447526569,0,9,1,Premium,PayPal,1
713,7.654279728543261,75.8797746611965,2,4,1,Premium,PayPal,0
714,6.369093762064534,30.790831104569317,1,10,1,Premium,Card,1
715,5.148519620447698,2.996195005190793,0,9,3,Enterprise,Bank,1
716,31.83067257864937,263.59659883683327,2,9,0,Basic,Bank,0
717,21.307284853701574,2.975854071221184,0,11,0,Basic,Bank,1
718,40.2381166729883,59.37795067500756,2,6,0,Premium,Card,0
719,1.5927425020332666,205.76490388284765,2,7,0,Basic,Bank,0
720,15.75061636152609,13.66793084785735,3,12,0,Premium,Bank,1
721,33.433527183134885,7.672093061679247,1,10,2,Premium,Card,0
722,2.3994697164095724,6.470420301200468,0,14,2,Basic,Bank,1
723,0.8257238096699624,18.06823529705549,3,13,2,Premium,Bank,1
724,16.216717838263463,5.326160177578075,1,11,1,Basic,Bank,1
725,10.253125730384037,58.90897349640917,4,10,1,Premium,Card,1
726,22.128925695857735,3.2158231899763545,1,9,2,Basic,Card,1
727,1.8066989569703114,35.60856262173184,1,9,0,Premium,Bank,1
728,19.032601332382416,285.64399433999677,1,11,2,Basic,Bank,0
729,2.702157276804275,84.09243883383577,1,7,1,Premium,Card,0
730,2.1445823875862158,47.754103830993685,1,14,3,Premium,Bank,0
731,2.1533358787194086,18.282441654349263,2,12,1,Premium,Card,1
732,20.221239390768105,48.89445714095118,0,10,1,Basic,Bank,0
733,13.130563668191627,37.43737779397671,2,11,0,Enterprise,Card,1
734,8.884511476152532,27.763558065834786,1,10,2,Premium,PayPal,1
735,5.333536820136818,7.003946293017256,2,15,1,Premium,PayPal,0
736,25.166432007531988,108.84355299060238,0,9,0,Basic,Card,0
737,5.979752996369339,29.87227648963911,2,11,1,Premium,PayPal,1
738,20.352991954176836,10.82220910307068,3,7,0,Premium,Bank,1
739,6.939298573366564,22.92425916914676,1,10,1,Premium,Card,1
740,5.677434789812845,26.7328467310067,0,10,2,Premium,Card,0
741,7.453932718795231,87.87888755452667,1,9,0,Enterprise,Bank,0
742,4.303743305167705,66.14051614296392,2,11,1,Enterprise,Bank,1
743,16.521327755243274,73.33291630850958,0,13,0,Premium,Card,0
744,8.383233788347152,0.5546280010766932,0,6,1,Premium,Bank,1
745,3.1709103719647826,26.90590132204877,0,9,1,Premium,Card,1
746,27.580078194607005,32.82573605190803,1,12,0,Enterprise,Bank,0
747,5.811980908304536,0.968941973322315,3,11,0,Enterprise,Card,1
748,9.411388586133162,15.042635201091315,0,19,3,Basic,Bank,0
749,28.433947304515517,71.4162340857189,2,11,0,Basic,Bank,0
750,11.745591646287968,7.373385866694464,1,12,0,Premium,PayPal,1
751,1.491775390293357,38.31925226324291,2,12,1,Premium,PayPal,1
752,33.727400207186506,12.116437803844688,3,15,1,Enterprise,PayPal,0
753,11.856923147217914,0.609741512438881,1,8,1,Premium,Bank,1
754,4.893915786615713,13.800948092514966,0,12,1,Premium,Card,1
755,1.7997218473971097,186.2227511571439,0,7,1,Enterprise,Bank,0
756,18.960016748163206,80.85765789807736,4,8,1,Enterprise,PayPal,0
757,11.613306090754229,160.41737750956167,1,7,1,Enterprise,Bank,0
758,9.148966296588338,33.457281205558395,0,8,3,Enterprise,PayPal,0
759,26.919639966437344,5.811872709759625,0,13,1,Basic,PayPal,0
760,18.647880164352863,39.699173850084726,1,11,1,Enterprise,Card,0
761,1.9738958415160905,30.291381554346426,0,11,0,Enterprise,Card,1
762,4.482750616749605,93.00954436999046,0,9,0,Premium,PayPal,0
763,3.4280354225860554,5.161615804331191,0,13,0,Premium,PayPal,1
764,16.348416742420937,33.49508678149231,3,17,0,Premium,Bank,1
765,0.4092904782940552,8.128809185896223,0,13,3,Basic,PayPal,1
766,10.124562676633715,19.628129750685222,1,7,0,Enterprise,Bank,1
767,17.248964590317346,66.84799390123955,0,14,2,Enterprise,PayPal,0
768,25.124008132631253,32.31490966458089,0,17,2,Basic,Card,0
769,5.024095122541112,23.57129482107963,0,6,1,Enterprise,Card,1
770,20.661695562492035,25.08307700792891,0,11,0,Premium,PayPal,0
771,1.406926621185328,30.75810804584616,0,3,1,Basic,Bank,1
772,22.48492748654025,76.8597100947232,1,16,2,Enterprise,Bank,0
773,1.63655556633685,111.32042581618732,0,13,0,Basic,Bank,0
774,6.075775574518372,155.42790315111498,1,10,2,Basic,PayPal,0
775,19.15206435991788,77.30048152278488,0,10,1,Enterprise,PayPal,0
776,1.949061479044994,18.946531280202564,1,12,2,Premium,Card,1
777,3.124716269337011,58.259196734051024,0,13,2,Enterprise,Card,0
778,15.372517171738865,28.777374668244693,1,6,0,Enterprise,PayPal,1
779,15.277154063900337,14.696452012448885,2,11,1,Premium,Card,0
780,12.29813050484869,91.90218630952891,1,18,0,Enterprise,Bank,0
781,14.208020509051403,1.9592058371878027,0,10,1,Enterprise,Bank,1
782,9.389629214347657,116.01810465201861,1,13,1,Enterprise,PayPal,0
783,3.481004391112919,30.94629674196398,1,10,1,Basic,Bank,1
784,5.090198325519161,50.69538156672787,1,5,0,Basic,PayPal,1
785,2.4048152941983822,53.84556178581311,1,5,0,Basic,Bank,1
786,28.69051367188382,112.74584490295103,1,8,2,Enterprise,PayPal,0
787,10.507308655639182,50.62214460021356,2,6,3,Premium,Bank,0
788,6.146947913748268,47.5872932055436,2,5,1,Basic,Bank,1
789,7.43889007585396,3.4488600390952704,4,9,2,Premium,Card,1
790,35.313884843966534,36.532902099460905,0,7,0,Enterprise,Card,0
791,1.9976346015420081,8.135888687831075,1,7,0,Basic,Card,1
792,10.589335309302648,66.86259595713724,1,14,2,Enterprise,Card,0
793,8.459933289518128,35.894736616271416,1,14,1,Premium,Card,0
794,11.344131816036873,57.007317333575415,1,6,0,Basic,Card,1
795,0.21931416487796682,2.128305970817718,0,6,1,Basic,PayPal,1
796,24.68032227048836,4.4301967334239265,1,13,0,Basic,PayPal,1
797,32.27986244029502,62.99601899914633,0,10,2,Basic,Card,0
798,9.992585567320772,3.740721481731317,0,16,2,Premium,PayPal,1
799,14.3144488863115,3.696146343450604,1,17,1,Basic,Card,1
800,30.689632294147515,0.6091190004897985,1,9,1,Enterprise,PayPal,0
801,14.740769440710217,156.75132431098945,1,10,1,Basic,Bank,0
802,1.9861261094894607,66.87680215078305,0,10,1,Premium,PayPal,0
803,10.304425798230723,21.78988178668496,1,14,1,Basic,PayPal,1
804,11.198650284408181,17.58689906150494,1,8,0,Premium,PayPal,1
805,6.622494047073854,21.516322533344002,1,11,1,Premium,Bank,1
806,16.001883646600703,74.50580998658252,0,13,0,Enterprise,Card,0
807,32.6841226291497,54.14245088142516,0,8,2,Basic,PayPal,0
808,31.174514556649406,10.240357755499982,0,8,0,Basic,PayPal,0
809,7.192371555643412,9.564644072751095,1,10,1,Basic,Bank,1
810,1.4421444546214102,5.178974559716974,3,10,0,Enterprise,Card,1
811,50.270087869448474,53.98502050167564,1,9,1,Enterprise,PayPal,0
812,21.908617329821315,72.27518996118579,0,18,0,Premium,Bank,0
813,1.5977515166047607,15.397397477679513,0,7,0,Premium,Card,1
814,30.435695291559313,1.0583709225807563,3,10,0,Premium,Card,1
815,24.47308717472236,4.2872453728468045,1,7,0,Enterprise,PayPal,1
816,8.778616631623791,171.88275014186715,0,13,1,Enterprise,PayPal,0
817,10.736565441948898,17.509428265181267,1,11,0,Enterprise,PayPal,0
818,6.109978120908163,73.31520216520101,0,12,0,Premium,PayPal,0
819,0.6758177909195254,48.9966252744019,0,14,2,Enterprise,Bank,0
820,4.8991786356088936,24.05845779146629,3,14,1,Premium,Bank,1
821,19.485694932794146,11.513900947795177,0,12,0,Premium,PayPal,0
822,0.05571340879611462,6.470504452855058,1,15,0,Basic,Card,1
823,4.868566759082024,47.72728142397403,0,6,1,Basic,PayPal,1
824,6.093337138256138,74.50142791704589,2,5,1,Basic,Card,1
825,9.25059628948658,51.62778167818545,0,16,1,Premium,Card,0
826,30.2871057138365,37.78328138432362,0,9,0,Basic,Card,0
827,5.102125330689481,2.142829365455452,0,10,2,Basic,Bank,1
828,5.113277831501943,172.8705764876777,2,12,1,Basic,Card,0
829,16.050107419986787,80.151472442218,1,12,0,Enterprise,Card,0
830,7.222533281908072,17.323646431882363,1,5,0,Premium,Bank,1
831,3.0525896844327045,195.52702863586092,3,13,0,Basic,Card,0
832,7.2273882069138615,46.050290223474,1,8,0,Enterprise,Card,0
833,1.8218390631766446,43.66427510224252,0,8,0,Enterprise,PayPal,1
834,2.3286540384971612,68.93083141025073,0,13,1,Enterprise,Card,0
835,8.278656513633813,83.50447669219385,0,4,1,Basic,Card,0
836,6.514514595072084,53.42529453740248,1,5,1,Enterprise,Card,1
837,29.559512823033756,6.853783099019248,2,16,0,Premium,Card,0
838,5.400414996476739,20.644694615775414,0,13,0,Enterprise,Card,1
839,10.426828605423264,131.6125753212103,0,9,2,Enterprise,Bank,0
840,12.004689270214175,12.719819393547196,1,6,0,Enterprise,Card,1
841,0.15817133790791071,23.274055470633982,1,10,1,Enterprise,Card,1
842,13.071218364431868,28.28846133593655,0,17,1,Premium,Bank,1
843,2.3527036823909784,28.937827046166646,1,10,0,Basic,Bank,1
844,38.95197926726912,47.458724027611595,0,4,1,Premium,Card,0
845,1.9313628517221608,143.30176918900978,1,12,0,Premium,Card,0
846,6.426013374439282,13.767436213709322,1,14,1,Basic,Card,1
847,1.0705612518060375,6.4770469002476165,0,8,1,Enterprise,PayPal,1
848,69.21697938180911,10.999332594693238,1,9,2,Basic,PayPal,0
849,8.370562387898714,108.9851540550276,1,10,1,Basic,Card,0
850,10.857831889067349,51.89620405381139,0,6,2,Premium,Bank,0
851,0.8331846099390501,16.83708889395092,1,11,1,Basic,Card,1
852,16.63363506259199,84.62655938873603,2,14,1,Enterprise,Bank,0
853,2.8272340590031586,98.79733695998478,1,10,5,Premium,Bank,0
854,27.399778281739565,93.70740639905377,0,6,1,Enterprise,Bank,0
855,2.75506593793,125.61997716371161,2,8,1,Premium,Card,0
856,2.53884515770579,14.533728620730772,0,7,3,Enterprise,Card,1
857,0.446812102292066,70.33341104115277,0,19,0,Basic,Bank,0
858,7.665429519545567,30.859285392605713,0,8,1,Basic,PayPal,1
859,9.984529244114167,92.25755435367259,3,6,1,Basic,PayPal,1
860,0.8156032821498777,65.18794009673783,2,11,1,Enterprise,PayPal,1
861,17.928031123180467,74.90543769327964,4,16,2,Premium,Bank,0
862,7.246015803523461,53.37920953421046,0,6,0,Premium,Card,1
863,8.917891855111161,9.766009881197293,1,14,0,Premium,Bank,1
864,6.974177661450963,39.37585120961023,2,9,1,Basic,PayPal,1
865,6.145178415299056,208.89632975084726,1,11,2,Enterprise,Card,0
866,9.841961485654497,138.53996940037163,0,17,1,Premium,Bank,0
867,2.0244360811314657,2.2066723058793034,0,8,0,Enterprise,Bank,1
868,2.409661034503506,9.005090057537746,1,6,2,Premium,PayPal,1
869,23.747391939553683,7.062557007634263,0,8,2,Basic,Bank,0
870,35.05094051117622,64.72769270301934,2,13,0,Enterprise,Card,0
871,5.607626249701663,85.12848903479231,1,9,0,Premium,PayPal,1
872,3.7887763883119923,12.008850417502643,0,12,2,Premium,PayPal,1
873,12.393879181133485,35.24608069197645,0,9,0,Premium,Card,0
874,6.305874811286955,91.84925352389018,0,11,0,Premium,PayPal,0
875,0.30856978479176433,65.98818093235882,1,9,3,Basic,Bank,1
876,2.0374032395941275,39.07020724768975,2,15,0,Premium,Bank,1
877,15.104199118236547,44.622325228501616,0,6,2,Premium,PayPal,0
878,12.90779738781043,35.5004825034203,1,11,1,Basic,Card,1
879,0.3296382946132812,17.658942500081025,2,5,0,Premium,Bank,1
880,3.01191568640046,41.622990373407774,3,12,0,Enterprise,Card,1
881,3.153138947411172,58.37968155484062,0,11,0,Enterprise,Bank,0
882,13.372976673934222,103.30570375537262,0,5,0,Premium,Bank,0
883,0.23888857550567286,50.57010774374272,1,6,1,Basic,PayPal,1
884,1.319232703216474,71.5900189792763,1,10,1,Basic,PayPal,0
885,19.308221127554898,8.721933524456189,2,7,0,Basic,Card,1
886,2.360132513421424,30.9537259333188,1,14,1,Premium,PayPal,1
887,12.692389067046921,0.46877160822280783,0,5,0,Premium,Bank,1
888,3.2645834665079425,14.163183367893344,0,11,3,Enterprise,Bank,1
889,1.2568804018184558,64.81568428056428,0,16,0,Basic,Card,0
890,3.343434196937367,240.24177204430694,1,10,1,Premium,Card,0
891,15.373137757164383,5.222385485554638,0,11,1,Premium,Bank,1
892,23.230036049447154,25.665962836070968,2,9,1,Premium,PayPal,1
893,21.27901199970677,80.48964094508742,1,7,2,Basic,PayPal,0
894,6.073709873701061,11.410043063078188,1,11,3,Basic,Card,1
895,13.234521340855139,40.493595617380784,0,12,1,Enterprise,Card,0
896,2.7527209239477695,66.03868412840677,0,9,2,Basic,Bank,0
897,4.163203063350202,47.85374185823829,2,8,2,Premium,Bank,1
898,27.199183543570854,10.414270031672503,4,14,0,Enterprise,Card,1
899,0.15704626075542003,21.955068526149535,2,5,2,Basic,Bank,1
900,1.0726456755653895,76.57566874469937,0,8,1,Basic,Card,0
901,2.796603362877782,40.39721675980882,0,9,1,Basic,Card,1
902,0.3226864226918026,0.2621667917122488,2,13,1,Basic,PayPal,1
903,2.4024360394832733,71.56265334138119,1,9,2,Premium,Card,0
904,10.4972247449324,1.7974938655777102,0,9,0,Basic,Bank,1
905,6.566235820413604,68.46867306765219,1,13,0,Premium,PayPal,0
906,26.78235624986193,11.312453432593609,0,10,1,Premium,PayPal,0
907,20.40835083623374,158.5918359779893,2,8,0,Premium,Bank,0
908,5.019273662028384,22.93860706448017,1,16,1,Enterprise,Bank,1
909,3.6039150257673427,19.795417215167816,0,11,0,Premium,Bank,1
910,5.730477697302453,8.060580416755945,0,10,1,Basic,Card,1
911,10.707813001719664,18.235659317442863,1,9,1,Enterprise,PayPal,1
912,3.744740517783274,104.63678060883194,3,9,2,Basic,Card,0
913,11.74274694656505,280.4373115354528,2,3,0,Premium,Card,0
914,6.319632471357734,22.967788413439006,0,12,1,Basic,Card,1
915,9.636808398178133,29.765703025518476,0,10,2,Enterprise,Card,1
916,6.875104741093345,64.01946856224548,1,12,0,Enterprise,PayPal,0
917,4.1855997031479975,108.66378397315071,0,7,0,Basic,PayPal,0
918,35.583206653826444,44.952551433930836,1,8,1,Basic,Card,0
919,17.307054044791634,24.84002997279657,1,11,1,Basic,Bank,0
920,1.8114539774762504,26.60432215751686,2,13,2,Enterprise,PayPal,1
921,24.34205913263189,59.47361343779222,0,4,2,Premium,Card,0
922,8.019843955942997,0.16117266761173124,0,12,1,Basic,Bank,1
923,26.99447388347692,48.325195944629264,1,10,1,Premium,Bank,0
924,19.304573447158802,21.963480586487478,0,12,4,Enterprise,Card,0
925,6.645079431103287,79.04187440553979,0,10,3,Basic,PayPal,0
926,0.2727070737304814,4.880125449492802,1,10,2,Basic,Bank,1
927,3.75480657331784,44.36114946889184,1,11,1,Enterprise,PayPal,0
928,9.361053068157556,32.78995809468057,1,6,0,Basic,PayPal,1
929,12.044367983214435,51.406599823732236,1,15,0,Premium,Bank,0
930,3.5790561591472665,3.352608925534093,1,10,1,Enterprise,Card,1
931,1.8008930259685865,43.37309835440721,1,7,2,Enterprise,Bank,1
932,21.6166450459487,41.21801603014403,2,11,1,Basic,Bank,0
933,49.92748995824681,41.1240946550342,0,12,0,Enterprise,PayPal,0
934,8.950734563665042,46.25240663537058,1,11,2,Basic,Card,0
935,2.260258363920887,56.4228528911877,0,9,0,Basic,PayPal,1
936,3.8145176607471942,81.73496550579964,2,8,1,Enterprise,Bank,0
937,0.2227426489291921,15.723259306312464,1,8,0,Basic,Card,1
938,29.482662332322683,87.16258444056155,1,14,0,Premium,Card,0
939,1.5033725261544362,34.48323081298047,3,14,0,Premium,Card,1
940,10.31088802641787,4.009459373168457,0,15,0,Basic,Card,1
941,3.843375943233515,3.0167513037528804,1,8,0,Premium,Card,1
942,9.694026184883823,20.341175418012742,3,16,1,Basic,Bank,1
943,12.646663607832323,76.83190946985042,0,8,0,Premium,Bank,0
944,21.24527030906832,61.495469201039214,0,9,0,Enterprise,Bank,0
945,2.77443033005443,77.70369982367988,0,9,1,Basic,PayPal,1
946,0.13268075558036635,36.414791660759406,1,15,2,Basic,Card,0
947,1.7664968482486865,29.008695594895162,1,10,1,Basic,Card,1
948,27.63325834623818,7.976319211344142,1,8,1,Basic,Bank,1
949,24.84721622463747,19.889190766618263,0,13,0,Basic,Card,1
950,10.91813172235791,28.459770860961658,1,11,0,Basic,PayPal,1
951,11.011004622064164,4.638693580128087,1,16,1,Enterprise,Card,0
952,13.12481075289015,12.46231109903065,2,10,0,Enterprise,Card,1
953,2.313864343662626,45.59318902293805,1,11,2,Premium,PayPal,1
954,29.498514729255618,66.52654534548505,1,5,0,Basic,Bank,0
955,6.5113156121558164,320.27364403170714,4,10,2,Premium,Bank,0
956,5.797329591934421,135.23778022021577,1,10,1,Premium,Card,0
957,8.780603191472172,51.440115490143626,1,10,1,Enterprise,PayPal,1
958,0.5772559715037267,27.344065497429888,1,7,1,Premium,Bank,1
959,2.1823404605912677,50.554439788992724,1,9,1,Enterprise,Bank,1
960,16.074469085087557,77.00763173715464,3,8,2,Premium,Bank,0
961,1.0371393080621232,6.2972232243017014,1,8,2,Basic,Card,1
962,11.090426627821387,26.373577558486446,0,13,1,Premium,PayPal,0
963,3.3780004032052897,91.56732559190152,2,16,0,Enterprise,Card,0
964,5.91770708310226,24.21185851424566,0,5,0,Enterprise,Bank,1
965,4.087826303449752,42.416684810502254,1,6,0,Enterprise,PayPal,1
966,5.274581732674242,44.308614126586946,0,10,0,Premium,Card,0
967,15.23476783966424,10.196236897517547,0,9,1,Premium,Bank,1
968,4.2308584752666105,22.48930472744652,0,12,2,Enterprise,Bank,1
969,10.027722368468426,20.36168020443175,3,8,3,Basic,Card,1
970,7.756317440283141,1.3272977607334806,0,6,0,Basic,Bank,1
971,13.07599107711214,1.2244595635265159,3,13,4,Premium,Bank,0
972,33.14305977015563,89.09948060695697,1,4,1,Premium,PayPal,0
973,15.826863255060514,15.946310321501752,1,12,0,Enterprise,Bank,1
974,2.903947358928568,36.49872968592603,2,13,1,Premium,Card,1
975,0.38015614589109414,17.742799503994654,0,6,2,Premium,PayPal,1
976,3.6500316240670547,141.23980180792614,1,7,3,Enterprise,Card,0
977,10.848727822477167,15.007760910029717,1,7,0,Enterprise,Bank,1
978,0.6335433371972962,28.07585082092952,0,14,1,Premium,PayPal,1
979,8.230871472314266,103.07232165577965,1,14,0,Basic,PayPal,0
980,10.901146079850722,92.23699354910642,0,7,1,Premium,PayPal,0
981,4.881982535257205,10.295975634528098,0,15,1,Basic,PayPal,1
982,17.683799509760817,81.1371288624397,1,11,2,Basic,Card,0
983,1.352626977176136,30.64170732412275,1,8,0,Basic,Bank,1
984,0.9373260695069642,32.982609877689626,1,5,2,Enterprise,Bank,1
985,15.631768922596713,7.163502844895133,0,10,0,Enterprise,PayPal,1
986,8.210042719956823,4.201782103666169,2,9,0,Enterprise,Bank,1
987,13.992511868797692,65.08650507257195,0,10,3,Premium,Card,0
988,6.847487989546288,34.3047207298425,0,12,1,Enterprise,Bank,0
989,3.3947550451023796,28.710525207056563,2,17,0,Enterprise,Card,1
990,20.51788438285435,65.3756800657519,0,8,1,Premium,Card,0
991,19.27825876752228,72.51773494836927,2,11,0,Premium,Bank,0
992,14.237385836509457,8.652721538019973,0,9,1,Basic,Card,1
993,3.811843379856385,47.10930064584235,0,11,3,Premium,Card,0
994,10.70593055668157,7.271759976393737,1,9,2,Premium,Card,1
995,5.373719706957864,69.59049439136747,0,14,0,Enterprise,Card,0
996,1.1526088152798386,53.4947050307972,1,8,0,Basic,PayPal,0
997,29.912398122451698,156.8816392980162,1,16,2,Basic,Bank,0
998,1.7655653858342404,3.572545375426614,0,5,2,Premium,PayPal,1
999,36.00588783747315,2.937351341241873,1,9,1,Enterprise,Card,1
1000,7.087212153490466,16.577314679743203,2,3,2,Enterprise,Bank,1
