participant_id,age,education,income_level,attendance_rate,engagement_score,mentor_assigned,hours_per_week,completed
1,31.973713224089863,Bachelor,Medium,0.8766559976238651,8.360460416835258,0,16.674190975123107,1
2,26.89388559063052,Master,Low,0.6255037070904162,6.574997270617669,1,17.307124164792594,0
3,33.18150830480554,Bachelor,Low,0.793902346135076,9.357896798473336,1,21.504707565158494,1
4,40.184238851264205,Master,High,0.9317075309578714,8.1935172926037,0,12.111928910675484,1
5,26.126773002213312,High School,High,0.7593813255598992,2.9526920439756656,1,14.958189444379697,0
6,26.126904344406555,Bachelor,High,0.8826688660954707,7.400903008680634,0,14.857240077321588,1
7,40.63370252405913,Master,High,0.836491228034397,6.361660170794812,1,15.593395420338457,1
8,34.13947783322327,PhD,Medium,0.6632683823069825,4.452565198549101,1,17.20259803190458,0
9,24.244204912520384,Master,High,0.9875866359997745,7.670042591604204,1,10.40515439472611,1
10,32.34048034868772,PhD,Medium,0.8554516723775132,6.016524302418546,1,18.236663427567393,1
11,24.292658457500302,PhD,High,0.9629094957836182,6.0289319227210045,1,6.860570305223916,0
12,24.274161971437945,High School,Medium,0.6833035223658935,7.24809023685344,1,8.321216687466592,1
13,29.935698172528273,Bachelor,Low,0.6668184824002452,5.748230938197031,0,25.67813050586615,0
14,18.0,Master,Medium,0.8951161782125466,7.1914716677331265,1,12.44939630260562,1
15,18.0,High School,Medium,0.8938555376031724,5.813350220740132,1,18.647596754931012,1
16,23.501699766072218,Master,High,0.804490602469457,5.9230770787549165,1,23.491451962134782,1
17,19.89735103732461,PhD,Medium,0.9139459837012918,8.985859538591056,0,5.0,0
18,30.51397866076219,Bachelor,Low,0.7408532744945202,9.189343272760553,0,20.631230900778547,0
19,20.735807395830314,Master,Low,0.6138411838547799,3.58269150571475,0,18.244718031296355,0
20,18.0,Master,High,0.6336431614109357,8.494145687693106,1,23.2019864046652,1
21,39.72519015137243,PhD,Low,0.8783108635995275,9.79718200925221,1,9.092384191676864,1
22,26.193789596107713,Master,Medium,0.6269471961756607,10.0,0,22.256273284773066,1
23,28.54022563750339,Master,Low,0.9511711612436402,8.040759451770239,0,11.302927841986548,1
24,18.0,PhD,High,0.8687628209930996,4.885204284512206,0,20.273889071383284,0
25,23.64493820379854,High School,Medium,0.9071639587974023,8.259961680695069,1,14.8198948212278,1
26,28.88738071767893,PhD,High,0.9507005595003968,5.261495289568167,0,18.853844032175694,0
27,18.79205138062158,High School,Medium,0.8019019768132484,6.314069667686692,1,15.244345916525765,1
28,31.005584146765376,Bachelor,Low,0.7218095335021455,7.766164314089638,1,5.802992079066355,0
29,23.194890480649562,High School,High,0.6403086131518767,5.3904813067625215,1,5.0,0
30,25.666450001653786,High School,High,0.849774351288516,4.707199386564431,0,16.049577669917454,0
31,23.186347102164824,Bachelor,Medium,0.7001948181214409,7.931546636981647,1,13.681324811843261,1
32,42.818225476071504,High School,High,0.646143995470384,10.0,0,16.991104757101468,1
33,27.892022202096527,PhD,Medium,0.690154695636245,9.486468660958927,0,13.739232670782126,0
34,19.538312568352797,High School,Medium,0.855692788515875,8.414372370100189,0,25.0903869135891,1
35,34.58035929682551,Bachelor,Medium,0.7803977368006171,8.958370871179467,0,16.152685639141524,1
36,18.233250800231822,PhD,Medium,0.7482993889254477,8.275438994363832,1,12.765261362086672,1
37,29.670908760038042,Bachelor,Low,0.6494401137415008,7.899800458818786,1,16.68681533173433,0
38,18.0,Bachelor,Medium,0.7167715295008902,8.797235679197295,1,12.856626015593472,1
39,18.0,Master,High,0.8846487876931511,4.263273815891956,1,15.464651170569937,1
40,29.574889886952988,Master,Low,0.5873662214345172,7.3989705988858265,0,8.912599063820828,0
41,33.907732639963285,Bachelor,High,0.8498092032388236,6.838103587512313,0,14.957073990701973,0
42,29.370946249519765,Bachelor,Low,0.9312699097319249,7.157805662289127,0,12.610738019824126,1
43,27.074813740894076,Bachelor,Medium,0.8475085940867609,6.077255570506421,0,9.386316873156602,0
44,25.59117043528569,Master,Low,0.6947282601055507,8.040975689548464,1,24.878679340363213,1
45,18.0,Master,Low,0.8689926189585531,5.364143980624786,0,9.58132315029917,0
46,22.24124633284233,High School,High,0.7103186380072731,5.9322901412159315,1,15.034821117209688,1
47,24.3148898323217,High School,High,0.7567481996950255,5.692240172695799,0,10.985959825256213,0
48,36.45697780975132,Bachelor,Medium,0.8056290951489792,8.727893274539738,0,16.485197354399375,1
49,30.74894631654769,PhD,Low,0.8005474803348234,6.976552993581613,0,8.628074327655412,0
50,18.0,PhD,Low,0.8730867775662224,6.078335320406474,0,19.201784119677754,0
51,30.59267175515836,Master,Low,0.7288041299167465,6.253140609967638,1,25.180780931794207,1
52,24.919341756669468,Master,Medium,0.6986187120184298,7.007761233360814,1,10.80230381449665,1
53,22.58462399755233,Master,Medium,0.9288929568668337,10.0,1,21.084844313406602,1
54,32.89341031072694,Bachelor,Medium,0.8351890280526982,4.526959327306656,1,13.09060327802155,0
55,36.24799617996761,PhD,Medium,0.8948118436364099,8.351019995359572,0,22.52895560538043,1
56,35.45024095292959,High School,Medium,0.9142854982442928,7.943724676062016,0,25.942494930479956,0
57,21.28625981421889,Bachelor,High,0.6118220207085266,5.234069203106449,1,13.831474941457707,0
58,25.526300993190283,High School,Low,0.8975078397631684,9.933746580309373,1,7.398669595526741,1
59,30.65010745122851,High School,Low,0.8038731241165373,8.078560901761353,0,19.74042193718045,1
60,35.80436101697887,Bachelor,Low,0.9393412917600278,5.984533393540486,0,16.122086039720582,0
61,24.16660609723768,High School,Low,0.7185332285307583,3.28117334810748,1,17.508955838888205,0
62,26.514728186689464,PhD,Low,0.9950008920825577,7.458293668998225,1,13.300774790778174,1
63,19.149320207951774,High School,Low,0.8005063879430214,6.910508830488034,1,10.577535906696504,0
64,18.430347007354634,PhD,Low,0.7193118476401915,4.938574137467762,0,20.801740904834872,0
65,34.500206579153584,PhD,Low,0.8709112722000173,4.912771179728726,1,16.598949972780165,1
66,38.84992022856658,PhD,High,0.7355050432316601,8.73701973423901,1,7.782214829081373,1
67,27.42391902735733,Master,Low,0.611283717959653,3.08861018535801,1,18.43437611601447,0
68,36.02826318313619,High School,High,0.9238237589864977,7.628565510146072,1,17.430842989832502,1
69,30.893088200381072,Bachelor,Medium,0.8762905050040852,6.625126049378277,1,13.37350537838218,1
70,22.839041963159005,Bachelor,Low,0.7378198817971674,7.9943096567068785,0,23.09906617121161,1
71,30.891164844067312,High School,Medium,0.951298788983961,6.411389980279598,1,11.909134188263678,1
72,40.304292531727754,Master,Medium,0.886957461233297,7.586549930520629,0,14.155067509225791,0
73,27.71339168712039,Master,Medium,0.6616589667678731,5.514450310942582,1,18.84324043984099,0
74,40.51714924651205,PhD,High,0.9046232570043106,6.901590167653263,1,15.383814751653608,1
75,18.0,High School,Medium,0.8670374325741622,7.9781677563014854,1,8.077884228207818,1
76,34.57522003500179,High School,Medium,0.9396676221077973,7.30174374255094,0,15.918996864967148,1
77,28.69637654590537,Bachelor,Medium,0.7774333996419469,7.760613684803088,0,12.928051040173838,0
78,25.60794119627306,High School,Low,0.7746424300315995,5.144157401096706,0,19.284981224581315,0
79,28.73408621228402,Master,Low,0.8074233332873771,5.818650876230296,1,15.756091719975698,1
80,18.0,High School,High,0.7760544912682011,5.853320321568109,1,15.472538265236954,1
81,26.242624897299905,Bachelor,High,0.8052328965429716,6.447020488826494,0,9.758744181404742,0
82,30.85690057209397,PhD,Low,0.7794034361997468,9.717165739235657,0,13.849873460429972,1
83,39.82315235793213,Bachelor,High,0.8139179765338233,6.2916424889285985,1,19.85050547006327,1
84,23.85383825381082,Bachelor,Low,0.8371786152710442,4.712881080469,0,11.117318277293144,0
85,21.532051176854498,PhD,Medium,0.7308043444648539,8.083291375701185,1,14.83724888456143,0
86,23.98594365132371,Bachelor,Medium,0.9699747970314679,9.693286862868963,0,10.317769741754951,1
87,35.32321694161659,Bachelor,High,0.9247217943622493,4.477576296295382,0,9.080786794741655,0
88,30.630008877277476,High School,Low,0.8239468773056587,10.0,0,14.575704775053238,0
89,23.76191836986369,High School,Low,0.6039160444205085,7.830353204646143,1,15.869005824386692,1
90,32.106139464906846,PhD,High,0.8994576428965532,9.067781578136781,1,24.969314696162975,1
91,28.776620394784324,High School,Low,0.7123663490662497,9.93414327008663,0,12.722698080768955,0
92,35.74915992426311,High School,Medium,0.9745693612894176,8.945235285415485,1,14.749153661830588,1
93,22.38357524898118,Bachelor,High,0.8084617606037339,6.778928805984636,1,8.749632410145376,1
94,25.378702827217854,Master,High,0.7031744911719773,9.43539628838283,1,18.061200074534568,1
95,24.86313477494274,High School,Low,0.7392772939136882,7.5091995397418385,1,16.990473896766403,1
96,18.0,Master,High,0.8244063177345162,9.18096944981528,0,22.441973388457143,1
97,30.368962216516607,High School,Low,0.8236846316757229,9.399750967561367,1,20.558110757543545,1
98,30.088442177439113,High School,Low,0.7123257391292004,4.818206820054463,1,16.757033344211415,1
99,28.040907653139687,PhD,Low,0.8471167560687249,8.588602263954012,0,12.649642502056498,0
100,26.123302932998826,PhD,Low,0.8575651166504412,6.636216162973257,1,16.023342189450304,1
101,18.0,PhD,Low,0.5973531324036031,7.276381273568029,1,14.444932689341195,0
102,24.63483741787713,Master,High,0.8847464474233963,7.2541854976855955,1,19.766987666189898,1
103,25.258283867785845,Bachelor,Medium,0.7611279967218254,7.173940435150716,0,19.131157449812342,0
104,21.58178184622705,High School,Medium,0.7214796255821104,10.0,0,13.517922781726224,0
105,26.709714306671927,High School,High,0.7995094620514224,4.267104746211873,1,7.69003110086561,0
106,31.232406854516306,High School,High,0.8521131291762583,3.555313286260428,1,21.66693650110212,1
107,43.08948720968424,Master,Medium,0.5448391515105769,3.1334198566688536,0,17.909369784116024,0
108,29.39662250265471,PhD,Medium,0.9529228250338656,9.138288527871827,0,13.402549647136656,0
109,30.060403125782116,Bachelor,Medium,0.6619026188342185,5.45312501626468,0,17.714366740518354,0
110,27.404432673870662,Master,Medium,0.8078851031089022,7.264372939029773,1,15.374306531250145,1
111,18.0,PhD,Medium,0.7814795147053756,6.7705657517508415,1,21.59308963109737,1
112,27.787888996406267,Master,Low,0.8760044769578545,5.22724971872004,0,5.351098840974867,0
113,28.481841679528213,Bachelor,High,0.8852826988573463,8.702954475111397,1,13.014045167432837,1
114,47.70593689988229,PhD,Low,0.8431693127584494,6.745074063565231,1,22.995272577393443,1
115,26.46111228175102,Master,Medium,0.4899159269436942,6.52452984592323,1,17.815992017336562,0
116,30.4123787386689,Bachelor,Medium,0.5966895920602575,7.465742615480502,1,23.86303334157104,1
117,27.722305842358054,High School,Medium,0.8477383142730673,8.441544169676433,1,8.890964534182679,1
118,18.650575699043742,Bachelor,Low,0.7766640503304375,5.082047512931105,1,20.360983579692437,1
119,37.142582516120164,High School,Low,0.8282750684158955,8.745836694666574,1,20.061122117269164,1
120,34.015464261494195,Master,Medium,0.851654650012328,9.8997070395467,0,6.59135732335583,0
121,34.328255576344375,PhD,Low,0.8859596555858886,4.147755262477648,0,13.52248855233458,0
122,20.72490036164209,PhD,Low,0.9001719671610261,7.556597958255663,0,14.467354474029584,0
123,39.22235448748879,Master,Medium,0.7617578131838677,6.390155575285346,0,6.902219856162972,0
124,18.0,PhD,Low,0.7669239169418167,8.39846116144028,0,13.626988367397805,0
125,32.69485675040216,PhD,High,0.7582913165350662,4.566681574946298,0,19.36591570389303,0
126,45.523645006479825,High School,High,0.8214537715783816,10.0,0,13.0453847023763,0
127,20.075709398954494,Master,High,0.8827414691996787,3.7842103871418615,0,16.21066577837013,0
128,23.469618163177824,Bachelor,High,0.8733524131720881,6.511438120446932,0,16.24685141363826,1
129,28.79721092070113,High School,Medium,0.9685213494689151,7.86859215199072,1,14.93928294430617,1
130,23.972194767070405,Master,Medium,0.7559404263269717,5.62732630613035,1,11.474089879872857,0
131,18.0,High School,Medium,0.9693998944814004,5.313196903085925,0,18.29406987441949,0
132,28.54850379844822,Bachelor,High,0.6581212810713774,7.444471273261048,1,7.064831192370042,1
133,19.50157029019116,Bachelor,High,0.7309548147602913,7.15551983998216,1,15.042940692540913,1
134,31.788739445081454,Master,Low,0.5344734679608288,7.011876338830299,0,21.927431702590443,0
135,20.644606126129574,Bachelor,Low,0.7052766454968009,8.717377022931252,0,12.763133750793923,0
136,40.39947524014032,High School,High,0.881643788258716,6.211054613143958,0,11.363393892488613,0
137,21.733973661310102,Bachelor,High,0.7900675997829908,7.639185299590009,1,18.627580693876887,1
138,25.423507870354594,High School,High,0.8896528476398917,5.986794383448371,1,15.81715880293566,1
139,34.50813773895736,High School,High,0.8318927814158342,5.301341028341184,0,18.72723641028466,0
140,18.15308546852836,Bachelor,Low,0.6107903964483763,6.430482743019963,1,15.192492428476362,0
141,29.819679476833034,Master,High,0.7837016581791548,6.002469625612736,1,5.0,0
142,38.45714203425943,PhD,Low,0.9289420392319206,6.102392397674437,1,20.899567052128496,1
143,18.0,Bachelor,High,0.8466738038246057,9.330654835604323,0,25.350131912391376,1
144,29.477070868258433,High School,High,0.8135262509815517,6.4917930919288915,1,21.420205034181432,1
145,30.07906235398739,High School,High,0.8513085876573976,5.67418665544027,1,5.0,0
146,34.25458297421848,Bachelor,Low,0.6431809653232161,7.056157548095981,1,17.255441062527833,1
147,18.104394312975344,Master,Low,0.7359255761894054,7.208455878256815,1,12.666270947124769,1
148,18.0,Master,Medium,0.8035816341772756,4.626237540811857,1,9.578781231941456,0
149,32.17553252493518,High School,High,0.7167874337732165,6.403187456152313,1,15.613660808191366,1
150,30.37587738586549,High School,Medium,0.749011313229636,6.322631351802806,1,14.255263525501396,1
151,30.003942802767014,Master,Medium,0.9210105392797242,6.655711452583053,0,17.543289021399204,0
152,30.771585675975807,PhD,Low,0.5992425374800694,8.45105674607597,0,15.28290094652727,0
153,22.559802227372074,Bachelor,Low,0.9419892887400421,7.273343742325765,1,9.395939465555116,1
154,29.85802957728803,High School,Medium,0.938827812615089,9.45587469477066,0,12.116991116285146,0
155,30.34457978638945,High School,High,0.9208868263836385,6.976679288222369,1,11.31020721837492,1
156,22.285188655789057,Master,Low,0.5004370293890739,10.0,1,6.417584116277769,1
157,42.926196089158054,Bachelor,High,0.725265636561811,6.078449972536694,1,8.141776780230582,0
158,31.7906633672943,Master,High,0.9197611111661732,5.460875237669752,0,13.944656650574029,0
159,18.469572022378813,Bachelor,Medium,0.9115304112630858,8.094605349553948,1,22.118770376536396,1
160,33.25242886907064,Bachelor,Medium,0.850381901097156,9.728163874930035,1,12.322214601506026,1
161,20.202546638181428,Bachelor,Medium,0.7572655153224459,4.242393390829547,0,11.212846126236052,0
162,34.296676829939614,High School,Medium,0.779639641077024,6.60601870357137,0,9.09356596663587,0
163,37.26876463205923,PhD,Low,0.7913575564551345,5.778436109828259,1,15.152682474976753,1
164,21.434541453186316,Master,Low,0.6349003847815056,7.285702025984159,0,20.89629667305063,0
165,35.70700903395458,PhD,Medium,0.8243088636455979,7.02003584699881,0,25.013413832042957,0
166,31.302247415491987,Master,Low,0.8029386191537612,9.690762495255441,1,16.426996883608435,1
167,34.57648127995592,Bachelor,Medium,0.8328355163501541,6.783190414250433,1,15.699968713182173,0
168,43.17434386123158,High School,High,0.9587064384625974,9.749568197940459,1,12.282634463732284,1
169,26.036895071977035,PhD,High,0.7957613141681626,6.369799327962628,0,13.117166892544944,0
170,21.970110685140085,High School,High,0.8252710879199929,8.852963750210433,0,18.145875455253513,1
171,20.883884562995814,Master,Medium,0.8253375382024271,7.4573260562734385,0,13.425623339684602,1
172,21.473517720276494,High School,High,0.7164044203455467,10.0,1,14.18858776416293,1
173,27.383186324687166,High School,Low,0.9165010786000565,4.045970274371143,0,14.873263626247878,0
174,30.72921579853315,PhD,High,0.8724065075832788,4.672284564480351,0,12.04585944546262,0
175,30.21352639464015,Bachelor,High,0.9435929322092365,10.0,1,14.625103704612243,1
176,34.61746599228819,High School,High,0.8510656157182922,5.533469813027292,1,5.0,1
177,28.104015135023257,Bachelor,Low,0.980804528363988,5.660393283848277,1,17.74417941509231,0
178,39.62827261725853,Master,Medium,0.9679934611307801,5.248552829000292,0,26.758859194860275,0
179,25.882745334096352,High School,Low,0.8557678696953521,9.296891913067448,1,12.239781924184667,1
180,49.76135333271695,PhD,Medium,0.9653684706169834,4.493084773549751,0,16.86918572500835,0
181,33.00533878212005,Master,Medium,0.8241954704813715,7.044900824555322,0,19.257881601230924,0
182,21.142739548669738,Master,High,0.7239079217896492,6.4687563564389245,1,21.401076363587308,1
183,19.432860015511103,PhD,Medium,0.595221857915312,9.07303116700887,1,13.678392556299103,1
184,31.85977932194548,High School,Low,0.9094699011382057,5.872634675336711,1,5.9834137315564035,1
185,26.21229771739319,High School,Low,0.8748841060734115,7.830545158226548,1,16.336159754243813,1
186,33.71200395273674,Master,Medium,0.9367549584573239,4.657567653245461,1,15.643143453272135,1
187,31.78590099658836,High School,High,0.893305380710989,10.0,0,13.271668126619986,1
188,27.41736869874502,Bachelor,High,0.5795803572410058,6.520815350692582,0,14.332439385578297,0
189,21.22565025545276,PhD,Low,0.7126344713354723,7.017526969770734,0,15.718402225088656,0
190,18.0,Bachelor,High,0.8818899826749244,10.0,1,16.808809960519252,1
191,24.42788038346383,High School,Medium,0.9809580422727613,5.826654451389581,0,16.599048551199587,1
192,34.85119035458778,Master,Medium,0.9820396872552355,10.0,1,13.911571702494356,1
193,29.71274995304163,PhD,Low,0.8607121512471482,6.177057651724079,1,16.921394174929755,1
194,18.034089770304096,High School,Medium,0.8165596697798007,8.34339636764252,0,13.57484575862569,0
195,29.385447406809455,High School,Low,0.6288444188238262,5.854636719681403,0,18.2101275076766,0
196,31.082539037830696,Master,Medium,0.8445247131214758,4.287927109710531,1,11.862785822617496,0
197,20.929140510390937,Master,Low,0.7599939913450012,7.8291887010812315,0,15.365290960747812,0
198,29.229800847564224,Bachelor,High,0.962681924597655,8.279806801967066,1,6.881307089413852,0
199,28.465669747568,PhD,Medium,0.7115863163722143,4.368228515347523,0,13.150447652714263,0
200,18.856237617355013,PhD,Medium,0.7720343557538256,6.385883362182576,0,17.837443605649895,0
201,30.862298882786266,Master,Low,0.9484992091096194,9.401517923073813,0,9.831325666459657,1
202,32.486276210945874,Bachelor,Low,0.6376784325452609,8.200237901593221,0,13.399497618249582,0
203,36.66440994540221,PhD,Medium,0.8861909406847938,6.209569996431899,0,5.0,0
204,36.43041641627922,Master,Low,0.7764646833609566,5.804948596731089,1,8.159629457340055,1
205,18.0,High School,Medium,0.890143788334402,10.0,0,9.46762721943049,1
206,20.497399680679017,PhD,High,0.9436121586980841,4.106135860394284,0,15.508755253858194,0
207,32.12028213766928,Bachelor,Low,0.8028644349873879,6.8816028511827945,0,16.667045061963563,0
208,32.11028760729767,Bachelor,Medium,0.7340643088424889,4.070606252612111,1,14.719722170299015,0
209,32.12038149044838,Bachelor,High,0.5899339813279214,9.629629289688562,1,13.087033085563109,1
210,58.821851925237766,High School,High,0.9054173053676872,6.985752775583326,1,13.104491258256264,1
211,32.56712408554534,PhD,Medium,0.6784938138560187,7.35634816953887,1,18.580228745202472,1
212,37.08452512144479,PhD,Low,0.9617920822830336,10.0,1,16.064099234415263,1
213,35.63201410794562,High School,Medium,0.7678611700798003,5.813054648527213,0,13.330272018473188,0
214,33.21113001044638,PhD,High,0.8679456244174762,10.0,0,21.466497476206293,1
215,25.477846042877236,High School,Medium,0.5659665609699764,6.218536171183623,0,24.749875204980505,0
216,34.07175376394614,High School,Low,0.8096020840339431,6.532975084830203,1,8.771287748831648,1
217,21.817398283699426,High School,High,0.9105033499401992,10.0,1,17.61255035105256,1
218,26.10545114607993,Bachelor,Medium,0.7560167764189353,6.677819245476654,0,30.449448038431925,1
219,24.117091617367173,PhD,Low,0.7400424480593519,4.251257191409504,1,16.40102770525097,0
220,28.65499311509058,High School,High,0.7636172602750206,7.563837576252625,1,15.577213180821383,1
221,46.51726853338807,PhD,Low,0.7704474687374923,6.654526349665992,1,14.721330300531932,1
222,18.0,Bachelor,High,0.8406840911236518,7.734191683467721,0,17.450907587453706,0
223,33.49008152299611,High School,Medium,0.8113547167547869,6.732804413344461,0,18.774495832749416,0
224,18.0,Master,Low,0.46943477902504493,10.0,1,8.776165629154086,1
225,24.22454507368453,Bachelor,High,0.891289801509848,8.113471677671871,1,14.867581858555857,1
226,36.71160477573893,Master,Low,0.8088969430653986,4.850070744548364,1,5.0,0
227,28.5142401527637,PhD,Low,0.850534445670003,7.249093604047709,1,13.9534169168925,1
228,19.378041776565553,PhD,Medium,0.7825471491305555,5.400740351665922,0,10.486557030889635,0
229,22.277570325920255,Bachelor,Low,0.9181958380680876,6.504572314994093,1,16.695887895677423,1
230,33.4367819914774,PhD,High,0.5717210190154084,5.179118578866355,0,6.718097364294872,0
231,22.15706694626291,Master,High,0.9556369982967147,10.0,0,12.438413447704527,1
232,29.7316687166558,High School,High,0.87293451659848,5.617230769643557,0,19.83272125260306,0
233,28.36457471923051,High School,High,0.7214171652687407,8.375128703988274,1,11.618334242778749,1
234,22.787197219153462,High School,Medium,0.7645446119855015,6.3530411562467455,0,5.475321112910571,0
235,45.1515527146026,Bachelor,Low,0.8436501755175079,4.68317365485442,0,16.287665765644924,0
236,33.07135217854409,PhD,Medium,0.9054754504561133,7.395298605799014,1,12.06735503453682,1
237,18.0,Master,Low,0.8313593854992846,7.801383674171413,1,14.070572819635517,1
238,29.491634518155422,PhD,Low,0.9479652974357378,8.117253065509027,1,11.350652067687038,1
239,22.705708281852896,PhD,Low,0.8244445756146667,1.7555616909181149,0,24.871983722400145,0
240,34.81946667836979,PhD,Medium,0.8234631145234091,4.530308572661818,1,7.209636320732433,0
241,21.659834092538397,High School,Low,0.6066610570787225,8.91510943804377,0,29.167478059471364,1
242,27.082108468264806,Master,Medium,0.9458657173939897,5.152786074782416,0,13.046817346243241,0
243,32.03989823184366,Master,High,0.870071387623937,7.405888100620222,1,15.917232881090676,1
244,34.926041553360974,PhD,High,0.812454152047381,4.483950609542429,0,12.12601791197758,0
245,18.39762874355379,High School,Low,0.7484976407839191,8.46320220431688,0,11.91683220072273,0
246,25.323990113272412,High School,Medium,0.6320028943766912,8.862539191991148,0,11.075850482836834,0
247,24.20043751071235,Master,High,0.8982123739981508,8.463819812344733,0,18.006289810218178,0
248,22.773366139410307,High School,Medium,0.8396635402099271,9.065113624707195,1,7.946001531864719,1
249,42.12363392224877,High School,Medium,0.7105796395997055,10.0,0,16.820542721213343,1
250,31.239853687687646,High School,Low,0.7657242745253515,4.651851736782051,1,5.0,0
251,18.0,Bachelor,High,0.7579031050975517,5.422656137697275,0,16.36764385570882,0
252,35.34289557643821,PhD,Low,0.8603095696745673,8.79508714060759,0,19.245713029660955,0
253,44.977249576101066,Master,Low,0.8923229979449654,9.260439543674963,1,8.627404463463153,1
254,36.25972208440918,Master,High,0.7556461204783435,5.651314092856149,0,18.39371300859372,0
255,18.0,Bachelor,High,0.7951592698458441,5.512227869348832,0,15.256927053121608,0
256,24.126127417069988,PhD,Medium,0.9453402005652654,5.695573020138989,0,22.9921322767892,0
257,38.13528919349298,Master,High,0.7698824000223221,3.789810071912108,0,10.72396808844455,0
258,22.338644275049752,High School,Medium,0.6132882007629934,4.457177635651849,0,29.07992951861365,0
259,31.550555425169826,Master,Medium,0.754227775167333,4.505414709939693,0,5.0,0
260,34.19707242743469,High School,Medium,0.6236608804824886,6.411803052388733,1,13.352480996819372,1
261,20.584556227375337,Bachelor,High,0.9444243296564188,7.5416730316679095,1,6.507151446885334,0
262,27.5237971515056,High School,Low,0.6724701816166078,7.866945663284745,1,24.25527088424883,1
263,18.0,Master,Medium,0.9731091569690673,5.982875493448638,0,13.691495030920818,0
264,19.804898869325683,Master,Low,0.5967690235829434,6.032025767438242,0,14.141574613153587,0
265,25.979454788854717,Master,Low,0.8386885656584975,7.247322990302522,0,17.216190490426065,1
266,18.017734544281204,Bachelor,High,0.8243721647145316,4.0079708857011465,1,14.975974068363563,1
267,41.05929043145308,Bachelor,Low,0.8721559284032733,8.918881064166179,0,12.031192217993325,0
268,18.0,PhD,Low,0.8322289174603583,9.570770558028542,1,8.71676374685476,1
269,24.47964410642413,Master,High,0.7856183114874074,5.74883872462392,0,15.842567011667146,0
270,29.04592461828873,High School,Medium,0.7749729259862227,6.203127681302442,0,16.894168163447393,0
271,39.530186312528926,Bachelor,Low,0.8990425804506337,9.48662444969034,0,18.476886182008645,1
272,18.0,Master,High,0.8709266915583498,6.753896818020201,1,24.563634251532612,1
273,37.30531001723968,Master,Low,0.7751080015205429,8.17649089190326,0,5.0,0
274,28.081864488156697,Bachelor,Low,0.92501559058454,6.815389212398452,1,14.661414013236477,1
275,20.147930791616393,PhD,Medium,0.8332940567347579,10.0,0,20.95868917910714,1
276,31.696827794106166,Bachelor,Low,0.7722137625797749,7.980159256502992,0,14.377387877805678,1
277,29.59247756458776,Bachelor,High,0.9196096871188326,8.095311543838385,1,5.0,1
278,23.198264982729643,High School,Low,0.8783660928701118,8.132613077467173,0,8.544802125750396,0
279,28.55841667992015,High School,Medium,0.810751393445056,5.889772527344576,0,16.642849248386597,0
280,24.91749122510592,PhD,Medium,0.6410919890999807,6.0735217261549295,0,16.460986474416703,0
281,28.908138762009983,Master,High,0.8638803659407868,8.538491279119949,0,18.362598491705103,1
282,33.29704539616837,Bachelor,Medium,0.5934663728494083,7.252825658867235,1,11.094955282259079,0
283,40.68813452916282,PhD,Low,0.7445741244885654,4.644777984376454,1,16.299416174596487,1
284,18.097476009385208,High School,Medium,0.820235550219006,10.0,0,10.270683460518377,1
285,45.06426699725013,Bachelor,High,0.881694008895168,8.9561437345942,0,16.299789968218455,0
286,18.0,Master,Medium,0.810761810012759,7.075252647690038,1,15.266060985517699,1
287,26.785719239715334,High School,Medium,0.9665603093857763,6.45299803640007,0,10.895699899185479,0
288,32.706537651876616,High School,Medium,0.6230767804007112,7.397351715060165,1,22.790918153813436,0
289,30.24793494188026,High School,High,0.6644507996755333,8.035040198314855,0,6.471820249188065,0
290,23.01840384143525,PhD,Medium,0.7629118013173029,2.933998528659905,1,14.291895084947363,1
291,26.335021997141798,Master,Medium,0.7810597005172655,10.0,1,10.785472178378448,1
292,24.055992522729337,Bachelor,Low,0.8124394152155192,5.42023138166616,1,24.17101017928137,1
293,23.285081944446308,PhD,High,0.9881246946931591,6.9961887340224855,1,17.991990038102095,1
294,34.7968167761682,PhD,Medium,0.7575283566001648,7.069733765558292,0,11.753448123148052,0
295,30.85612388772038,PhD,High,0.5775125831784003,10.0,0,13.601423553398137,0
296,22.456723237914765,High School,Medium,0.8081594689334126,6.823752317986611,1,24.306286869902642,1
297,35.196799003466005,Master,Medium,0.7271167476531806,10.0,1,10.268621841349848,1
298,30.458396167012875,PhD,Medium,0.9424560806898865,7.813454938922228,1,6.1777591388472075,1
299,34.50289695071168,Bachelor,Low,0.778560245398925,5.0762302755881015,1,16.45503431231907,0
300,33.037030735388896,Master,Low,0.6746988195219725,7.269414936205609,0,16.5682018370391,0
301,21.368039912623424,Bachelor,Low,0.6512460503029165,6.762982556570175,1,18.3301728669493,1
302,23.518551678424245,Master,High,0.8171740060493446,4.831859030191541,1,18.36312880435976,0
303,33.978348840986094,Bachelor,High,0.7845533396867116,7.715445538944484,1,23.853528253668998,1
304,32.88296212346772,High School,Low,0.7944330964535566,7.044205499699712,1,6.409312548119821,1
305,27.832787248286817,PhD,High,0.6972952633728465,8.11284341091708,1,8.985984026773334,1
306,28.938619066470256,Bachelor,Medium,0.8527399497305583,7.3867055591966295,1,18.311016669730936,1
307,38.221319166307396,Master,Medium,0.9394445302171718,5.697794205971859,1,9.4718724914278,0
308,23.26742888931336,PhD,Medium,0.5463800208996611,8.53666798458063,0,7.717060133703182,0
309,32.3767790493603,PhD,Low,0.6638322003765043,5.751203439492842,1,24.32922276142635,0
310,26.382458780528847,Master,High,0.766188279579294,1.0,1,6.900289341678564,0
311,26.25855037418224,Bachelor,Low,0.9293609729565369,7.257305895908433,1,13.243639814446773,1
312,36.79021481589752,High School,High,0.9510583546299948,5.8918525455320205,0,14.703162743842977,0
313,34.60333079190424,High School,Medium,0.6991419372893242,7.7642610087932695,0,21.54568320981639,1
314,34.50807708800511,Bachelor,Low,0.9629570180609544,10.0,0,5.655984708587647,1
315,38.44383045723463,PhD,High,0.9609262280425572,10.0,1,17.077375757531247,1
316,28.16803073306207,PhD,High,0.8813641939381657,6.669754155556321,1,10.548114708699611,1
317,33.45562377035971,PhD,Medium,0.8036519838455476,5.346969657507889,1,18.138056062962253,0
318,25.517865947252353,PhD,Low,0.7936700231893241,8.169366563835844,0,10.465961369865704,0
319,30.593330819907536,Bachelor,Low,0.7907855483718211,6.259548816267291,1,22.861531280928887,1
320,26.958855565058524,PhD,Low,0.6683575380150872,7.783553044693885,0,10.495149907868726,0
321,28.775967719941747,Master,Medium,0.7021800543175943,5.678278475546291,0,5.0,0
322,32.76125620349531,PhD,Low,0.7146469925347658,7.501384832045504,0,11.055753751293494,0
323,21.45423453413222,High School,Medium,0.7105582576193658,5.3760516954130475,0,13.693499447155524,0
324,44.739098205483685,PhD,Medium,0.5936568536867912,9.368506832062932,0,20.411769365811544,0
325,19.951860948002384,Bachelor,Medium,0.9546234137354865,5.820044618494775,1,8.707925847175396,1
326,18.286491097698143,High School,High,0.7697376077899646,8.322205071469938,1,8.806769364429622,1
327,37.26488698800054,Bachelor,Low,0.6466499525896835,4.470465433628962,0,19.802889518544923,0
328,34.333301551703485,Bachelor,Low,0.5269150279884747,8.562347713221381,1,8.123874410188971,0
329,32.99295853641724,High School,Medium,0.8971442063683794,5.067231861463599,1,14.105082793041547,0
330,33.02676407411424,Bachelor,Medium,0.7187690209703753,7.522353613949019,0,14.20674408265494,0
331,27.902025817224683,Bachelor,Low,0.8117936316521912,9.046401946695973,0,16.08789768171481,1
332,20.821965028113347,PhD,Medium,0.6536338154541202,6.600034202886441,1,11.250758948086999,0
333,28.606436465549812,Master,Low,0.8564500770370475,4.941666178508134,1,10.365028066627186,0
334,22.582706307903106,Bachelor,High,0.8234377731701973,7.993625014271843,1,16.67447220876146,1
335,35.80095786734201,Bachelor,Medium,0.489290300294057,5.318037202026904,1,10.520020734151071,0
336,26.82354094798289,Bachelor,Low,0.8913067821599414,6.191508801605543,0,8.200154049404127,0
337,21.396022425659908,PhD,Medium,0.9163643135420583,7.5309253189914545,1,21.138999939258426,1
338,25.428913266776053,Master,Low,0.7843317340732594,9.72135207221541,0,17.44047690689591,1
339,31.303451634204993,High School,Low,0.7370265291869956,7.053106707598937,0,23.8375119788267,1
340,23.490203577568202,PhD,Medium,0.9036041440728158,7.045715019690247,1,18.91983825608473,1
341,21.42223683546855,PhD,High,0.8345330113932203,8.475025787245702,1,8.65928174184251,1
342,29.9494976919353,Master,Low,0.799581411437611,7.100743793345994,1,15.481846200299978,1
343,29.959732568869782,Master,Low,0.7525731710111847,8.271060399665796,0,9.92185872640877,0
344,23.944454597030962,PhD,Low,0.8154429202865989,9.157067092125894,0,6.741952016408581,0
345,24.23169355505342,High School,High,0.9432396193162892,6.344525699464001,0,12.764003034650083,0
346,29.85639949886109,PhD,High,0.8567932455718382,1.0,0,19.907664376495607,0
347,18.0,Master,Medium,0.6429912347098826,5.364145812829067,1,16.374563553937534,0
348,18.0,High School,High,0.7928379895561084,9.417364021670606,0,8.045529343706145,0
349,22.252446229980514,Master,Medium,0.8168573458053782,6.9324704372046915,0,12.588292123936316,0
350,26.292422786305224,High School,Medium,0.7979403260653316,6.321739458144202,1,14.285667073290101,1
351,30.487260524784038,Bachelor,High,0.7689987732832715,9.333569986406415,0,6.554437730145775,0
352,39.80284973559642,Master,Medium,0.7859783403330644,6.797350167540208,0,18.56586182624306,0
353,34.86127698561616,Master,High,0.5312157285474313,2.814933588501688,1,13.856324868706242,0
354,26.72049176029258,PhD,Medium,0.819957208827207,3.989395877983313,0,8.047025695339713,0
355,27.847870336778488,Master,High,0.6966585537785833,7.837296041633811,0,7.764132031294661,0
356,19.97976508289753,Master,High,0.6018416536911226,6.866218116810547,0,20.503319724608055,0
357,27.85189491206088,Bachelor,Medium,0.8956337073048979,9.909312957658443,0,13.095934839271404,0
358,25.690730888638893,Master,Low,0.9057970090159295,5.533462632391647,1,20.951760144782057,1
359,30.581748482704715,Bachelor,Medium,0.7490648282406669,6.380998475992411,0,22.860777399513577,0
360,21.382152451581415,Bachelor,High,0.957779550430502,5.23099385387996,1,20.112241364279623,1
361,32.154772113929376,Bachelor,Low,0.9310370354460168,5.958811644639095,0,12.332841266912546,0
362,40.26191130402062,Bachelor,Medium,0.8516690748863641,3.2161921974927523,1,5.0,0
363,27.12991881234514,High School,Medium,0.717426013680561,6.228630671898936,1,16.56498152267414,1
364,31.21369377679153,PhD,Medium,0.808296328270058,6.896262272460196,1,25.45788184889274,1
365,33.5211519336889,High School,Low,0.7260384903448646,6.727338315068632,0,14.823049609130875,0
366,24.79023622491331,Master,High,0.8719765569104335,10.0,0,5.050922406004265,0
367,29.792739854483333,High School,Medium,0.7081559867087818,10.0,0,11.625607517849412,1
368,28.10073920625436,High School,Medium,0.7593127016208459,5.498201058077829,1,14.081333626165975,0
369,28.781408788390653,Master,Medium,0.8500439459125203,2.9121266106948083,0,9.510057162901013,0
370,21.81592172915627,Master,Medium,0.950897404607022,6.801599294136887,0,5.0,0
371,28.19608139407154,Master,Medium,0.6760456414019204,7.753020276341241,0,14.510746148924376,0
372,31.9839863299636,High School,High,0.6012411779345985,5.279031853234329,0,11.075618768211868,0
373,39.609148862360335,High School,High,0.7697172248807942,5.378048732148554,1,23.863458304499577,0
374,35.67416660868165,Master,Medium,0.8295290002547483,10.0,1,15.505167439913981,1
375,45.225459660092454,PhD,Low,0.8650188754782111,6.484896857709392,0,17.34789448449196,0
376,21.861219496895604,PhD,High,0.7441972960670054,8.324500371391476,0,14.404569282519702,0
377,34.978565093765425,Bachelor,Low,0.9173489916946835,5.13938860429111,0,15.468666515869266,0
378,29.466736045906814,Master,High,0.7428156904868558,6.886119082550414,1,6.738503558189283,1
379,45.51842346574138,Bachelor,Medium,0.6441174385219682,6.327323292730974,0,9.799168473893554,0
380,21.533613717158786,PhD,High,0.6671645165328924,5.649253522393424,1,20.44307350659676,1
381,21.28222526255379,Bachelor,Medium,0.8183248673999631,9.310600823043385,1,16.047309848650983,1
382,23.204858836447823,Master,High,0.7894998559926164,4.222245980733971,0,13.007465410587432,0
383,18.0,Master,Medium,0.9002490621701406,7.600113651022579,0,17.43085620732937,1
384,23.793959826553913,Master,Medium,0.6283109209459924,6.289756689019002,0,17.529309549202967,0
385,21.926938707570415,High School,Medium,0.7026761990525516,7.829648964071748,1,24.954473164721037,1
386,29.20315029180966,Bachelor,Medium,0.8150074938741478,6.316846735563285,1,15.815331719427888,1
387,30.734047806217276,PhD,Low,0.9047367407639284,8.73438612383788,0,9.687462122448496,1
388,43.00936671372709,PhD,Medium,0.8699143791784415,5.120594803495696,1,14.421517585421661,1
389,35.6033907054884,PhD,Low,0.9367437223271711,9.315106383350624,0,18.037828135606883,1
390,23.384770754700774,High School,Low,0.6777429949980208,6.9423946106511565,0,19.978295057143512,0
391,20.812682629213135,High School,Medium,0.9332425879682519,4.342994941969753,1,6.924840639360603,1
392,31.935353372052045,Master,Low,0.7904116117463671,8.360430911805647,1,16.268533597459065,1
393,18.0,PhD,High,0.8231511495892334,6.602300512964698,1,10.513725362509419,1
394,42.65167012683483,High School,Medium,0.7019496323636873,3.5843241477209116,1,12.166840376902789,0
395,37.435520965770294,Master,Low,0.9662611363551353,7.66493616751774,0,19.22919812121696,1
396,24.24659478316236,PhD,Medium,0.7041612570521947,9.0131914305554,0,18.731242697159495,0
397,18.0,Bachelor,Medium,0.7631571335333106,9.564271480720262,0,11.609237694012204,0
398,38.8309789933233,Master,Medium,0.7460589899621013,6.243296234800467,1,14.210789894799584,1
399,27.083681237979057,High School,Low,0.8487907461951555,7.290636110651476,0,12.319591024395733,0
400,37.902530495787694,High School,High,0.6383883651644113,7.101072685585823,1,29.458514949783837,0
401,18.0,Master,High,0.9297088992863592,9.979605263142707,1,16.391790832226814,1
402,23.204999816369817,Master,Low,0.786779508839859,5.379022835253366,1,10.80259204363605,0
403,28.041949597745464,High School,Medium,0.9708235504401143,6.070681095590917,0,21.61083573110563,1
404,28.375844750117935,Bachelor,Low,0.82300382946577,5.330559381100388,1,21.787306828416497,1
405,24.39947622816605,PhD,Low,0.8564017249505073,4.1016989537742266,1,23.95835355261767,1
406,32.98279945877999,Bachelor,Low,0.7273234147072929,7.495574362104164,1,25.43996841255047,1
407,19.459036564939247,Master,Medium,0.9213095678079762,10.0,1,18.538574414330643,1
408,26.860964119829653,Bachelor,Low,0.9668695672209736,6.603031082969878,1,13.25074128110936,1
409,28.96236505369519,High School,Medium,0.3694249171952019,5.236206756913731,1,13.986916161978403,0
410,32.115510672469995,Master,Low,0.841718632243849,7.373719404464137,1,13.539623491967284,1
411,33.69291902471112,PhD,High,0.7798569868025745,8.17823635754531,1,12.981223164104868,1
412,19.002863265297044,High School,Low,0.7343409468162946,6.687273725126856,1,21.199684036442953,1
413,18.0,High School,Low,0.7720094880789953,9.807070663908355,1,15.00360453467988,1
414,38.22141457518807,PhD,High,0.7893431266339829,5.375276211424956,1,19.85710932408103,1
415,30.658512095836734,PhD,Medium,0.7572276320118724,6.426060726975274,1,18.38258277390495,1
416,22.01210770754757,Bachelor,Medium,0.8993831023492403,7.591975809685924,0,9.506725184389582,0
417,40.409215804180185,Master,Low,0.8308433791318857,7.785927505235654,0,6.414116650688582,0
418,28.925397074342868,PhD,High,0.9450682139239855,7.094456184596321,1,8.816685166574675,0
419,37.43437747251061,PhD,Medium,0.7990513012620236,4.443160155285703,1,12.866468161346056,0
420,28.54014785128087,Master,Low,0.8735836463886276,10.0,1,15.671640501339375,1
421,44.4859833990559,PhD,High,0.6643853796104762,6.5280601699078,0,11.758498363278077,0
422,42.042726739545635,PhD,Medium,0.7526292136222664,7.220535037169314,0,18.51532573370551,0
423,26.008286812167412,Bachelor,Medium,0.632613491820514,8.233522186345962,0,12.361574027915204,0
424,35.77256760763484,High School,High,0.8011149865048137,5.726989274700941,1,16.284787190919722,0
425,33.16300759668118,High School,High,0.8610731818492913,7.113852841741552,1,15.587908403309433,1
426,38.94905246025879,High School,High,0.7733239912917949,5.645619524693411,1,23.67216545893693,1
427,20.280612315359164,High School,High,0.6487748118263844,7.831101482948462,1,10.123795374498636,0
428,33.488411679987514,PhD,Low,0.7655134431515793,6.447954702888861,0,26.042095455773524,1
429,36.4673958947967,Master,High,0.8114502560371569,7.537437054609336,1,12.028250736301977,1
430,18.0,Master,Medium,0.6593640933597746,4.906925307028796,0,8.299715548195952,0
431,18.5339318986738,Bachelor,Medium,0.7920376431820847,5.342167131987589,0,13.915425047867311,0
432,18.0,Bachelor,Low,0.6467726843256661,4.269718646286396,1,31.20069574318404,1
433,25.844745324443537,PhD,Medium,0.7861405368742764,5.578939841347585,0,19.476026175093125,0
434,33.7403380463677,Master,Medium,0.8137587549831755,1.8529515126037204,0,18.01482051720631,0
435,40.01885641676822,Master,High,0.6931996234138297,6.385799588624346,0,18.975934308207602,1
436,28.5927582433582,High School,Medium,0.8796805332930951,5.931519456074147,0,11.152032677488464,0
437,41.02892436457034,PhD,Low,0.4659628872180666,7.301821927250139,1,16.630221881829296,1
438,18.0,PhD,High,0.8209649077928359,7.089215448868579,1,15.012511501585614,1
439,18.0,High School,High,0.771366374148668,9.51415953696214,0,24.04533374322205,1
440,27.55561840882705,PhD,Low,0.8707024177333366,10.0,1,14.456561417066737,1
441,31.072523591514457,PhD,High,0.8805457630470251,9.27507802630127,0,13.108617277112957,1
442,27.738442015247255,Bachelor,High,0.8662888527185835,6.093784821249824,1,9.176003013154387,1
443,18.0,Master,Low,0.9068538170037912,6.01321850058022,1,15.700072434378075,1
444,27.287039683897692,PhD,High,0.631638822057067,8.73732608471143,1,16.464759167594174,1
445,18.0,Bachelor,Low,0.7228343690251108,3.6333106108543354,1,8.99205905929741,0
446,33.35738039064031,Master,Low,0.7240714264695084,6.369594147673042,1,17.26581802030288,0
447,30.932785968774787,High School,Medium,0.9470185042874341,6.523694129912284,0,16.16589761897429,1
448,20.48096170938116,Bachelor,Medium,0.8619775601548145,8.168262969637624,1,20.06722879941882,1
449,23.889064661306453,Bachelor,High,0.613069155706644,8.227732692281561,0,21.061840589509515,0
450,19.52629182488839,Master,High,0.8567284701902483,5.510878919213941,0,15.471396468071397,0
451,27.498567221814625,High School,Low,0.8151976560660286,6.171254676589632,1,9.818175579339522,0
452,35.64113856400991,Bachelor,High,0.7967665636229816,7.890208509665413,0,10.846892097276776,1
453,20.11419162931565,PhD,Low,0.6074147823747851,5.40215868816247,1,23.810638315395455,0
454,32.03237212414275,PhD,Low,0.6618783647050627,9.412236869548567,0,15.8274469656128,1
455,23.757939053020472,PhD,High,0.9413276173142013,8.218350466880482,0,23.730768897755286,0
456,21.657017341901245,High School,Low,0.9774878700247305,7.343019096389686,1,17.49302409243615,1
457,27.14375712036354,Bachelor,Medium,0.7823691385528408,7.781881196561839,1,18.76867818589224,1
458,19.718061420645007,PhD,High,0.8503236078609949,6.0662187661184,1,19.693618081190795,1
459,23.570805557222542,High School,Medium,0.8181976593549362,5.747417155624762,1,8.884305927952884,0
460,18.416976859289214,PhD,High,0.7464512169642001,6.150555567722558,0,16.53475375056263,0
461,43.717801063331116,Master,Low,0.7850351064673035,7.999933384519699,1,8.815005493189688,0
462,28.28210841577383,Bachelor,High,0.6421428952562216,7.402029961417307,0,13.575438260612676,0
463,22.402195936059314,Bachelor,Medium,0.9248544790371355,6.15457108061458,0,18.200848180615253,1
464,29.711839285873776,High School,Low,0.5901436077222045,8.499163486615311,0,9.873330547337737,0
465,27.10137560247336,High School,High,0.9732028827585337,6.652107155327692,0,17.79668662263836,1
466,26.232243203734217,Bachelor,High,0.47716280383303505,5.613378508821664,0,7.508155072670821,0
467,32.9133336003474,PhD,High,0.9545335498904467,7.508683018597042,0,20.716599119807846,1
468,34.06006168037844,PhD,Medium,0.7193941684639396,4.973940976754324,1,11.677814089473262,0
469,23.75599081911578,Master,Medium,0.5320451693118136,3.6255525001285975,0,9.864412878906082,0
470,23.39345407484256,PhD,High,0.9097774200141224,6.989790848869472,0,7.8232204200445965,0
471,25.79958642278685,High School,Low,0.8196357796883601,5.685172412578233,0,12.103230835811706,0
472,18.0,High School,Low,0.8239584559274384,6.491691294660301,1,5.461940965216002,1
473,18.0,PhD,Medium,0.8580654548669109,5.0665341637111005,1,12.258004304458352,0
474,38.934994139556196,High School,Low,0.8027198069899107,9.41786427940514,0,20.49743512666541,1
475,41.15974170801027,Bachelor,Medium,0.6314404399173712,5.677014512143724,1,14.05644200130083,0
476,26.007711683548973,Bachelor,High,0.75866798959223,6.13600124365838,0,9.112406920466796,0
477,32.612455704446134,PhD,Medium,0.7885731539154367,7.755766535166469,1,16.13131658284404,1
478,30.490001236348288,Bachelor,Medium,0.5683607382188688,4.246771403354634,0,15.689478879374533,0
479,52.6310464676419,Bachelor,High,0.8604678376900005,4.0989004535025915,1,24.78304981292858,0
480,36.956599291476614,Master,Low,0.763925000702973,7.761905671386826,1,18.95360509270203,0
481,26.976659268153867,Master,Medium,0.47935565197666935,6.110104739075661,1,16.527990635864224,0
482,20.355676475196596,Bachelor,Medium,0.8208574920060333,5.197009786211688,0,19.525332741797737,0
483,18.0,PhD,High,0.7584424391518652,8.20674634589464,0,14.328094659099687,0
484,29.627709086937784,Master,Low,0.638009719400584,5.376156681784014,0,14.622934095469002,0
485,21.949194037725572,High School,Medium,0.7134346972347714,6.450975400902151,1,23.294701517157826,1
486,18.0,High School,High,0.6025591655999046,5.207739064054975,1,6.82210486591876,0
487,22.827416926059787,High School,Medium,0.6818569495572332,7.6068743724996475,0,19.8397275657047,0
488,19.347615971084842,PhD,High,0.5580606444057172,9.664152385433548,1,14.446042621561121,0
489,41.49713308058052,Bachelor,Low,0.764447968027946,3.2779201413357706,0,13.542552893733241,0
490,35.053118055595604,High School,Low,0.7311168637414234,7.225315377501292,0,12.235520331531436,1
491,27.936218869467062,PhD,Low,0.6054078796232835,8.7131768837727,0,15.76837010282094,0
492,39.83955311112021,Master,Low,0.9362417980371507,6.157044505388454,0,14.782352667476669,0
493,28.618946461180947,Bachelor,Medium,0.6860049559085833,4.7379152514082294,1,12.926488066365163,0
494,21.10972638937389,Master,Medium,0.9539621621774586,7.841927054254807,1,11.486711274416745,1
495,40.18499261815726,PhD,Low,0.724991762960442,9.0033070067542,1,5.473347737745323,1
496,32.31128034947727,High School,Low,0.9137879689216025,8.781044355290938,0,11.380981278241649,0
497,19.70203076538835,High School,Low,0.8974406417760432,7.731818675829655,1,12.43852426869514,1
498,26.477290575331136,PhD,Medium,0.922986777368524,7.195827475217284,0,15.75615536083421,1
499,20.995053972921944,High School,Low,0.8698507235486245,5.201974889231398,0,24.815429423407522,0
500,18.0,Bachelor,Low,0.7558772524166526,8.730489900687884,0,11.920219032432906,1
501,35.40942038025313,PhD,Low,0.9011546005120827,8.619913626705015,0,9.88134573126415,1
502,43.275333123761044,Master,High,0.9376807585573455,4.723883362689466,0,11.427519543484511,0
503,18.0,PhD,Low,0.8068106760955818,7.728959455692983,0,15.766723838010574,0
504,32.50375389352457,Bachelor,High,0.7848868604467668,8.30564775103957,1,17.943177298981364,1
505,22.794859447025384,Bachelor,High,0.6498711179688408,8.764227544151014,1,18.641726065347715,1
506,24.10299692988243,PhD,Low,0.9122621052010367,6.850020761745559,1,19.13853999117133,1
507,23.26084860608905,PhD,High,0.4560146933447115,5.284864851707712,1,19.846152938059873,0
508,21.08807384256147,High School,Low,0.7639280598587856,5.99576764027191,0,13.605581812634151,0
509,28.388173023558615,Bachelor,Medium,0.6709555432490046,4.9855002830880775,0,25.265700918706038,1
510,21.352399068711698,PhD,Medium,0.8366781487658217,6.897878669770035,1,13.22615739420618,1
511,30.163654606238712,PhD,Medium,0.7559331608651554,6.506229206862619,1,15.546702881704546,1
512,27.598095124406903,Bachelor,Medium,0.6538881360359304,10.0,1,21.47913535886346,1
513,26.088415625068723,PhD,High,0.7735748660802252,8.789354284876264,1,17.832125139938828,1
514,20.739490703667215,High School,Low,0.7631685070849987,8.939096133778193,1,5.0,0
515,23.38582935545334,Bachelor,Low,0.6485482545365039,7.942704981655457,1,15.028179151484263,1
516,34.043129806606046,High School,Low,0.940549406473355,6.265364706662964,1,19.30982378043243,1
517,32.00733750099505,High School,Medium,0.8625250252624862,6.449220082363852,1,8.282648602352209,1
518,20.179558041611593,High School,Medium,0.9364799360241752,6.632261400366759,0,18.753463975644934,0
519,28.794658443433807,High School,Low,0.7338950888111243,7.376466545402268,0,16.950769700067266,0
520,34.01109698697431,Bachelor,Medium,0.8151595802744631,7.778339620446896,0,20.919602419256865,0
521,18.0,High School,Low,0.8385279373149496,7.001417255361043,0,11.540343388306795,0
522,32.34688153903948,High School,Low,0.6437347059188641,6.418803045313734,1,19.979467077946225,1
523,22.699009928433227,PhD,Low,0.9545387055536896,5.811768739024031,0,15.798041237004158,0
524,32.56478934874527,Bachelor,Low,0.8209340515192123,4.214702484433493,1,23.830251520261438,1
525,21.893926747659865,Bachelor,Low,0.8946084336091883,9.566758330093302,0,28.930249689066624,1
526,18.0,Master,Low,0.8341229629194771,10.0,1,22.691652195262762,1
527,18.0,Bachelor,Low,0.4399567166038508,9.398673561856501,1,17.40259339054112,1
528,28.384679573291056,Bachelor,Medium,0.9317373971820774,4.481868748138508,0,26.605019980309024,1
529,30.077780013771854,Master,Low,0.708327174875834,8.574033139281784,0,18.01739020833992,0
530,20.76546699916473,Bachelor,Low,0.9457671645059457,9.047552603241632,1,10.460271432386918,1
531,33.108739670218995,Bachelor,Medium,0.8222355300809042,6.193124602757284,1,14.803633465242124,1
532,18.0,Bachelor,Medium,0.9244814433105273,7.977854479278058,1,18.808360931475008,1
533,27.471361610821468,Bachelor,Medium,0.9854222039448759,6.087393934954761,0,19.12977077810032,0
534,18.311870401900347,Master,Low,0.7307132736649433,10.0,0,9.373675550961702,1
535,22.785311137582728,Bachelor,High,0.8088842637356556,7.730741844430628,1,9.532338567701636,1
536,28.37918937053131,Bachelor,High,0.8260617287227209,5.165689017257903,0,13.293450768950759,0
537,21.11669307772838,Master,Medium,0.828585837528139,8.339616196018676,1,17.672718067280954,1
538,24.923555646161397,PhD,High,0.6200167470284151,9.117561346980494,0,18.312812749399598,1
539,36.050342473715524,High School,Medium,0.8518277258618092,7.396263302271751,0,15.706525620524053,1
540,23.38486504381481,PhD,Low,0.8180135458643616,7.958883383486537,0,10.827856332411763,1
541,34.685536896521135,Master,High,0.8439767638565225,6.860493141542404,0,23.68471471509651,0
542,18.962345162739055,High School,Low,0.9374652687282334,4.731439093707532,0,9.639709690784802,0
543,32.23843342332226,Master,High,0.7911295087334849,6.696532483158984,1,21.511703724268806,1
544,39.5325489652632,Master,Low,0.7134275808266946,8.046079265927116,1,18.694116417251827,1
545,18.0,Bachelor,High,0.9918276568327679,6.743946264033524,0,21.40166151935864,1
546,21.624837956236185,High School,Low,0.5254688678539505,8.601530853479183,1,12.777833535385415,1
547,32.61657701744432,Bachelor,Low,0.9161796751594826,6.215636877604831,1,14.286729009553978,1
548,26.37563691165606,High School,High,0.8492588939534688,6.346818345098345,0,15.275212786405216,0
549,30.96916698697047,Master,Low,0.9337089765859542,8.66223999598781,1,12.618011196992423,1
550,23.168118506273437,Master,Low,0.921869106542834,7.44370503360609,0,16.126292267475492,0
551,28.6927182997832,PhD,Low,0.665663577027042,6.176556837688817,1,22.895447280356038,1
552,26.754582116863364,High School,High,0.8523062199130502,9.067610752017249,1,8.515830764160135,1
553,37.342256493278455,Bachelor,High,0.7545361068283488,5.622528564098944,1,11.71394145894455,0
554,30.035366746409704,PhD,Low,0.5372228932879728,5.546102081965302,1,11.171273406468718,0
555,30.700821296601617,PhD,Low,0.6899599765960098,1.3411023778718514,1,14.527908689319762,0
556,24.704984271020262,PhD,High,0.8395730552490003,5.8920629028451055,1,14.322368655105645,0
557,24.099150207420053,Bachelor,High,0.905611079071041,9.617433357844565,1,18.86157292220353,1
558,24.539534497443032,PhD,Low,0.8598300786675467,2.855414627655122,0,15.168615514606875,0
559,31.155617139026376,Bachelor,Low,0.705414585179065,5.096159719541565,0,16.51441638359651,0
560,24.632124153437896,PhD,Low,0.6321455114549998,7.87813711178034,0,16.992240227560004,0
561,30.318198855171303,Bachelor,Medium,0.6929250312067468,2.5102664522145446,0,16.227020306029058,0
562,44.60320638916351,Master,High,0.8986303617786963,5.978602772980471,1,18.51656530728796,0
563,34.96899762745354,Master,Medium,0.964024697404138,9.281726431221493,1,14.388383089336275,1
564,25.39181174265727,Master,High,0.9410882957910621,10.0,1,23.231841980374988,1
565,37.609711377311555,Master,High,0.906115954162475,7.580493131334065,0,27.708099233593963,1
566,24.735397015827587,Master,High,0.810641398147163,5.147065963517766,0,18.531154873835348,1
567,18.0,PhD,High,0.9759697405168399,5.079742522703435,0,16.139955818545303,1
568,19.935309512660766,PhD,High,0.6127102020912966,7.289815938661808,1,18.12291154658622,0
569,18.0,PhD,High,0.8613626902706125,7.561926642330198,0,9.49483457058178,0
570,25.18789212766953,Bachelor,High,0.8990934519665454,10.0,1,15.900527337327075,1
571,28.147347033516414,Bachelor,Medium,0.6203886069155633,8.941609705074406,0,11.343376965256958,0
572,41.41149849820226,Bachelor,Low,0.8105009833443815,7.1682129757769815,1,17.54988458620165,1
573,30.6154189901133,Bachelor,Low,0.776491659459133,6.329585493481162,0,11.368203460114263,0
574,26.247195769529085,Master,Medium,0.7982933356623676,10.0,1,13.276112773205519,1
575,34.635244649467914,Master,Medium,0.6733781170150474,8.25318959999179,0,5.640145472384738,0
576,18.0,Master,Medium,0.9519124506698898,5.66249657284491,0,9.13377155026166,0
577,29.884916464868528,High School,Medium,0.8091976246051973,6.550754152817045,1,16.774369014680232,1
578,34.16692155109573,PhD,High,0.7134767334452071,5.245090519993799,1,10.655769608407848,0
579,18.0,Bachelor,Low,0.7553294891222129,2.1909009482992206,0,20.318869918927884,0
580,37.15003234565543,Bachelor,High,0.8154548824555224,7.625301982414645,1,10.230554557933438,0
581,30.707971259955315,Master,Low,0.9033831251307398,10.0,0,17.266272506428855,1
582,24.67769668879359,Bachelor,Low,0.8956964924007681,3.738885595505392,1,11.190621855141208,0
583,33.06225492885028,Bachelor,Medium,0.9169656055991041,7.110525191758035,0,16.92734887516763,0
584,46.16554286243517,PhD,High,0.9791623965547148,5.586190441724806,1,7.326063354524303,1
585,29.45493004046796,Master,Medium,0.8826581266976535,8.043005051139705,0,12.734085121852209,1
586,29.98576469040269,PhD,High,0.9571691047913611,6.655339686550868,0,10.768933573561323,0
587,24.325112803678046,High School,Low,0.7725509625669367,4.279890691164798,0,19.416162876544902,0
588,21.201245044281666,High School,Medium,0.7802576588889492,5.037792572100528,1,17.31131232227102,0
589,34.64268653235396,High School,Medium,0.8094867317542703,5.339398936031585,0,8.83711972692259,0
590,21.15132939272906,Master,Low,0.8801449745241036,9.688636415974415,1,13.984096316895597,1
591,28.57252989775514,Bachelor,Low,0.6819981667977282,9.586518553860301,1,11.138410786385826,1
592,24.178740425879067,Master,Low,0.8921480533907398,6.377304225774605,1,19.751285969342714,1
593,31.831838605971136,Master,Medium,0.7547672639533222,9.455606866902693,0,21.357620738269695,0
594,30.669296842295587,Bachelor,High,0.7707310171614188,6.653632321207652,1,7.791774267445933,1
595,36.30031955406319,PhD,Medium,0.7436346970942098,6.346674483099626,1,19.133514871907405,1
596,23.919868809162026,High School,High,0.7175842037608486,7.1142356811023495,1,10.883519653711453,1
597,25.84100051765303,PhD,Medium,0.7765441008034324,7.5696505572472725,0,13.735416136403405,0
598,20.16989027374154,High School,Medium,0.8382180753229483,5.889110414269997,1,15.161271145304784,0
599,24.445653919391106,Master,Low,0.45038180692778507,7.043731484364446,1,24.083030817777363,0
600,31.018403944358816,High School,High,0.8239466120222346,8.574645011293047,1,9.980751364845574,1
601,34.05590893316281,Master,Medium,0.9383459726421484,7.259079278412094,1,19.17374861321651,1
602,20.622677406578998,PhD,Medium,0.7248504532549319,7.08556580424864,0,9.142477959151911,0
603,34.95684736084528,Master,Low,0.927084001068298,7.98836042856159,0,8.797032075796327,1
604,38.845102870439604,PhD,Low,0.8694064156055633,8.333412121717219,1,15.142317242095775,1
605,31.307479225789606,Bachelor,High,0.9353884112606088,6.874768362774155,1,15.108647454948613,0
606,43.014366500464526,Bachelor,Medium,0.7062696490267235,6.051637885843703,1,5.0,0
607,21.809686407171416,Bachelor,High,0.8194471814810484,7.37840660694847,1,20.797981446877486,1
608,18.042762373508666,Master,Medium,0.6175372763591018,3.8120725403534013,0,5.0,0
609,18.0,Bachelor,High,0.7430609768943247,6.57935600899229,0,14.270312819433492,0
610,39.968354491913466,High School,Low,0.9102322928209194,2.0568801833714785,0,21.638077258026527,0
611,33.23492525083246,PhD,Medium,0.5726701678175461,3.648416433126999,0,26.045919833443392,0
612,27.555322632716358,PhD,High,0.8377929563728286,3.3476283011665786,1,13.184750681557102,0
613,30.239749010558562,High School,Low,0.6544871667647941,9.094703484906102,1,7.835254581914562,1
614,18.996087621612986,Master,Low,0.5697989086154545,7.02796363193865,0,21.45274112883979,0
615,47.56601583693461,Master,High,0.9019535515131071,4.47590195356733,0,19.325782750601313,0
616,29.03376945580182,PhD,Medium,0.8681251145864931,7.982132086890713,1,12.555038552107623,1
617,28.875158356839144,Bachelor,Medium,0.6134871030628263,8.977308958733037,1,11.921312708953968,1
618,33.806132991189536,Master,Low,0.6750127365749063,8.016971112294748,1,11.413039181702842,1
619,31.848073853893705,Master,Medium,0.85013260451924,6.622579743014827,1,13.277067321326832,0
620,29.791072194233053,High School,Medium,0.8955969483005396,7.464973236838734,1,16.580340712008155,1
621,21.676204356437506,High School,Medium,0.672732989092134,8.802993066285465,0,12.169927086316141,1
622,31.771746857087965,Bachelor,Low,0.8877931472238526,6.061508324674689,0,12.802098622188797,0
623,43.05619597180027,Master,High,0.8572157457387961,7.059733846515651,1,18.206395097052877,1
624,38.76336036923982,Master,Medium,0.7868705871146282,6.485613910787137,1,7.587929294705637,1
625,40.74549301311518,High School,Low,0.9293314896750419,3.7731682946950285,0,13.120321400432104,0
626,23.910274588550518,Master,Low,0.6923979840104707,8.833136361288604,1,6.620294904504492,1
627,20.083161437931352,PhD,High,0.7655765843517598,10.0,0,15.542062366764506,0
628,26.993704639202814,High School,Medium,0.7548913577432731,5.25241075751762,0,5.302972959290628,0
629,28.445799298309556,Bachelor,Medium,0.8148618158930706,8.925360469772599,0,19.450050634132147,1
630,36.75353214776759,High School,High,0.7642954034067138,5.316012440476799,0,8.426813021039973,0
631,18.0,Master,High,0.6179315922848664,7.265575630154129,1,6.137107173192728,0
632,40.23640255568491,Bachelor,Low,0.8283542451905974,10.0,1,13.181933520491912,1
633,26.735936811368084,High School,Low,0.9627623777954605,5.959122029215778,0,23.55553645838525,0
634,24.58495144042064,PhD,High,0.8405195644788963,6.970627171216253,1,18.55596226710788,1
635,19.90316499791866,PhD,Medium,0.8702176401092195,3.3969940069838467,1,5.388429472730172,0
636,18.0,High School,Low,0.8139341591989703,5.671591312107537,1,8.284373661777295,0
637,34.58536467169532,PhD,Low,0.9457152252610107,3.1874553559985883,1,13.021998133771465,0
638,28.58654373750723,PhD,Medium,0.9512504836995892,7.858356239749997,0,26.191765808854306,1
639,18.0,PhD,Low,0.8191508758152933,8.663275117903154,1,10.30522926015566,1
640,18.0,Bachelor,Medium,0.8034152675462705,6.556730226858391,0,10.345573781484028,0
641,25.313722405678973,PhD,Medium,0.844926462329375,7.571773934513585,0,22.637146934400906,0
642,41.352172202315145,PhD,Medium,0.6393738407969995,6.348539089499106,1,15.97453602631188,1
643,25.92326918909116,PhD,High,0.7019927770062927,8.481090731748873,0,20.265000136493704,0
644,18.0,Bachelor,High,0.9270067408825077,7.258923870250397,1,11.364502299120176,1
645,26.034055487312447,High School,High,0.84135682871651,3.0286732883928815,1,14.491820761354736,0
646,25.818211442018637,Master,Medium,0.7446281244095527,8.87996163618564,0,21.578159310941224,1
647,18.0,PhD,Medium,0.825882448593918,6.220914410833693,1,14.275795616321,1
648,27.565641067857502,High School,High,0.6755082493199084,4.459241057583191,0,20.615265987632316,0
649,26.152523758330577,PhD,Low,0.7934778661113576,6.122132055311994,0,16.93633650217265,0
650,33.56965091850735,Bachelor,Medium,0.6660972289300813,3.1958607029071207,1,9.801854607905405,0
651,42.79164875956276,High School,Low,0.8154716903913094,4.500221377521914,1,14.918413938269886,1
652,37.01252023638206,Bachelor,Low,0.8054395572271532,7.285899220230777,1,19.906919961375166,1
653,25.848890475561355,PhD,Medium,0.9104714412094349,7.453423372681132,0,18.347080955934427,1
654,19.147792730066637,PhD,Medium,0.9140058519591272,7.612877668510336,1,14.79873550789586,1
655,48.58687842599888,Bachelor,Low,0.931403698359631,7.006419735526995,0,5.541428055142502,1
656,28.473747472115907,Master,Low,0.7497131442840277,5.614269753055977,0,6.02004259295142,0
657,28.11143433530357,Bachelor,High,0.8767546950658885,6.891081721078869,1,7.083472051864419,1
658,27.806999303119973,PhD,High,0.8458275319568127,6.1255851061042295,1,12.447788966167245,1
659,29.58467808614284,Bachelor,Medium,0.8199250653884996,3.748436803849632,1,13.11441063153276,1
660,26.84511670460846,Master,High,0.6816998256675986,5.455170017978824,0,7.622942994529885,0
661,23.410703944958108,Bachelor,High,0.7792041304545926,8.77908246233805,1,20.11256396848008,1
662,23.625128470076863,Master,High,0.8874135787074946,10.0,0,8.681154613897288,1
663,27.737973838272012,Master,High,0.9849740759029671,8.302550088237377,1,8.147204789664952,1
664,23.652601830929882,Bachelor,Low,0.8021227502626046,10.0,1,15.441178769429744,1
665,22.297233738582683,Bachelor,Medium,0.9194130637643484,7.170777220269916,0,19.869525599966142,1
666,28.851441821535175,High School,High,0.8610554871681401,10.0,0,25.274273099065834,1
667,25.960182260633157,PhD,Low,0.8536440818294603,10.0,1,17.912725272515885,1
668,40.03194390866151,Master,Low,0.7311697462016047,3.533061003927624,1,22.899148593618097,0
669,18.0,High School,Low,0.7367374929823204,7.442986614265665,1,8.93971674136719,1
670,36.7320548153797,Bachelor,High,0.788324758933602,7.172860378175084,1,25.798696303304997,1
671,37.968681539981034,PhD,High,0.8295739300670949,6.151792368831802,1,5.692577747222558,1
672,18.0,High School,Medium,0.6794023607436996,7.983831076302773,0,12.480803730561597,0
673,25.25849924735721,Master,High,0.7154804465236597,7.082250137283754,0,17.803262597893877,0
674,25.02847307203367,High School,High,0.98066782865255,5.529102159215913,0,6.973914921520283,0
675,18.0,Master,Low,0.9437650653820604,6.9467897899260365,0,10.364749540373332,0
676,21.777466499272997,Bachelor,Medium,0.5447739493713255,9.40918915873678,1,9.57038735355183,0
677,19.11539323627337,PhD,High,0.6562473055711492,7.3650761937653515,0,13.448894963751327,0
678,42.01816354738898,PhD,High,0.715330805953402,8.253909496512264,0,22.10791428336337,1
679,35.48542714517969,PhD,Low,0.8582109923597389,6.4458937994418175,0,15.084125331439052,0
680,38.17244075995327,Bachelor,Low,0.7662274670771995,7.904128020303229,1,12.684680278829912,1
681,33.773376512345884,Master,High,0.7061751327013995,4.58157093903364,0,5.0,0
682,18.967585830262166,Bachelor,Medium,0.70888118231323,6.000559001160415,1,17.333776024192897,1
683,23.80383786976181,PhD,Medium,0.7305306009529752,6.794662782868144,0,18.950077044890897,0
684,31.914996489823345,Bachelor,Low,0.8790281842432534,4.447328158746925,1,6.4999011609489425,1
685,18.222977528864437,Bachelor,Low,0.8025059307184799,5.339566562215456,0,14.665138201387391,0
686,33.703987441379105,Bachelor,High,0.553938264607798,7.626223537147784,1,15.965040951660235,0
687,26.077396814734918,Master,Low,0.8081576442093596,7.259663832576065,0,19.823008786518468,1
688,25.00143353960322,High School,High,0.815985302809914,8.612730849315417,1,11.37615770877263,1
689,33.68767974562793,High School,Medium,0.993571567851676,5.798977963629672,1,10.623198194576014,1
690,31.55410649188832,Bachelor,Medium,0.8680541034522785,7.115204452010483,0,12.717513507658191,0
691,25.112270673447362,High School,High,0.7422657084441071,5.656265178232344,1,21.42218526388692,1
692,37.27463842691398,High School,Low,0.89892367239504,8.412257098218653,1,20.21922721086335,1
693,19.35149337920082,Bachelor,Medium,0.7681642913472556,9.381492232050494,0,14.89327348913793,0
694,32.92748485555411,Bachelor,Low,0.8235510908080886,7.966649654505606,0,20.09888263594144,0
695,32.74481006374707,PhD,Medium,0.8433896837114173,9.122388552553165,1,5.0,1
696,25.52362848548808,High School,High,0.8287048693055614,7.064999725775724,0,18.95827103046763,0
697,30.609064177936943,Master,High,0.8428923047854171,8.611187669990352,0,9.406169185930768,0
698,18.0,Bachelor,High,0.5842934280593529,7.1508354852249205,0,23.83512247197931,0
699,35.392216153655205,PhD,Medium,0.7362115752892462,4.950143866828464,1,9.67877644033388,0
700,26.520782908456088,Master,Low,0.8466994472282473,7.493442777397212,1,10.736189173831777,1
701,23.818215835847685,High School,Low,0.5825823708731076,5.0094066124189816,1,17.81211865065589,1
702,36.392073806695116,PhD,Low,0.46672305227287775,10.0,1,18.294770673905184,1
703,22.365250475657927,Bachelor,Medium,0.6990123263684086,6.331823682449331,1,12.768339606164076,1
704,18.0,Master,Medium,0.9279455869138129,8.290075710897995,1,16.857020172115153,1
705,18.0,Bachelor,Medium,0.7630473253597615,6.975173560948811,1,17.476899076642436,1
706,32.84807961076512,High School,Medium,0.66797169519331,4.532773151928188,0,16.96557328029017,0
707,18.0,Master,Medium,0.94130873210273,3.202953939870857,1,12.977225412208021,0
708,42.03835345587492,High School,Low,0.5824776225777575,8.498027910148263,1,17.526055120428452,1
709,18.0,High School,Medium,0.8876746194057324,10.0,0,22.03185202508247,0
710,41.571650946320304,PhD,Medium,0.7689245326462958,5.530392585579283,0,8.872557603905868,0
711,29.688139737620947,Bachelor,Low,0.5443042714095676,3.6866149608808194,0,10.79969982229097,0
712,27.22629510503686,Master,Medium,0.8295570315961339,6.34967453515675,1,15.136278161802897,1
713,23.640647305528404,High School,Low,0.7796373841429821,5.125765909522533,0,9.718879796659834,0
714,31.193088914816567,High School,Low,0.7767313661576476,5.699368640275814,1,5.982981328863698,0
715,27.698922380601214,Master,High,0.8498326853325101,8.22074739945057,1,20.465614879409785,1
716,36.82641505613217,High School,High,0.7923957252578596,6.8990739051943235,1,5.0,0
717,28.913821189296318,PhD,High,0.8804918606865997,5.340984882235965,0,12.988086512378324,0
718,29.202414091695022,PhD,High,0.7686960311258921,8.17700157252239,0,18.794721598793352,1
719,25.09110230228915,PhD,Medium,0.9723404834935223,8.333744690151581,1,16.33349894751036,1
720,27.54443501023146,PhD,High,0.7597270515906998,6.32588502791075,1,13.063753170105239,1
721,30.462414151136475,High School,Low,0.9002271275755223,7.27583304183612,1,9.512802117325204,1
722,18.0,Master,Medium,0.8913972303719937,8.041003766153949,0,16.719339065739685,0
723,18.0,Master,High,0.7650010371882348,7.852206261966794,1,10.058027807665635,1
724,33.94611275218172,Master,Low,0.6912972927986022,7.081228173931065,0,16.32966293159131,0
725,29.366923505023536,Master,Medium,0.922161295161208,9.865172236450592,1,15.704588241173782,1
726,26.528133309178568,Bachelor,Medium,0.9008649024177771,8.165361626030371,0,15.755164545275678,0
727,28.147471464523147,Master,High,0.7848009814363364,6.098641967004535,1,11.798406204102921,1
728,30.78065364289337,Bachelor,Medium,0.916563064138008,6.11066186460219,0,25.175045546673946,0
729,23.68192255752511,Bachelor,Low,0.885727624960652,5.8838272997266525,0,16.791033169351874,0
730,21.773562196781498,PhD,Medium,0.746814011927166,8.264241894455623,0,13.606455378901764,0
731,29.56676204078145,Bachelor,Low,0.805492334544214,5.754504879996187,0,16.321352865309024,0
732,20.173017779079743,High School,Medium,0.8127838529384098,6.150201821594386,0,11.127691780378449,0
733,31.266022045715776,Bachelor,High,0.7151988633718862,9.116044776231625,0,13.068477507610469,0
734,18.0,PhD,Low,0.8154137063324041,7.383263924134778,1,26.959599660597586,1
735,36.23324509860515,Bachelor,Medium,0.9311518166968117,9.397065254242374,1,11.163095967788458,1
736,31.780779859304346,High School,Medium,0.8904066147756553,8.596119746704684,1,14.611136498677919,1
737,30.048237874511006,High School,Medium,0.996688017261496,4.646656341859874,1,12.71947575125117,1
738,35.861527871564114,High School,Low,0.8676953619330875,6.795733883518597,0,9.801830285876102,0
739,41.32379555570061,PhD,Low,0.977322106528419,8.979898079937085,1,17.10542495109903,1
740,36.11496052014505,PhD,Low,0.7573901664897426,4.555647869697975,0,15.182360883271045,0
741,18.0,Master,High,0.9262009978041522,7.839421640717353,0,19.555136544999637,1
742,18.0,PhD,High,0.9712992301422787,6.921527052602512,0,19.052889601650023,1
743,23.00145137843457,High School,Low,0.6741618562006427,3.4904225157552258,1,19.503538595209978,0
744,28.20872840168667,High School,Medium,0.8613040288594525,7.239318609037867,0,10.408983135745032,0
745,32.14127216375299,PhD,High,0.4992125929702255,5.325063967746934,1,18.204803996015478,1
746,22.194049494772276,Bachelor,Low,0.8797641000360242,4.664696435767148,1,18.326357531450473,1
747,29.494134115816628,PhD,Medium,0.8880484771047986,7.018281351645266,1,9.89468500896572,1
748,21.95693654117342,PhD,High,0.6915780995568994,3.1382941214939866,1,13.406918788863802,0
749,23.107857576064415,High School,Medium,0.7005126533334406,5.651419414830236,1,7.719439517605159,1
750,18.0,Master,Medium,0.8061698179824291,10.0,0,18.34811316190142,1
751,20.614134031112766,High School,Medium,0.875486864795274,8.300444786813886,0,18.325112347219868,1
752,18.0,Master,Medium,0.6569556763226636,5.237150187665294,1,22.151813995591777,1
753,20.193013976181337,High School,High,0.7687956904399222,9.808331880200793,0,13.856007460928272,1
754,36.42913437286272,PhD,High,0.6912483798403104,5.015912878445732,1,17.25734793281898,1
755,20.404808889344455,High School,High,0.9719489874302538,5.892609693729055,0,19.93867550512654,1
756,49.05905651869912,High School,Low,0.8238265450174698,4.702297180141423,0,11.230542357226543,0
757,31.946543207047114,High School,High,0.7045613328442357,7.512159757332041,0,10.470174293411503,0
758,29.47868898955899,PhD,Medium,0.9034035802207602,9.737259244194256,0,11.385573994619175,1
759,21.13313775855029,PhD,High,0.7724539327715337,5.001987534880287,0,13.253522658973894,0
760,33.602479035271934,PhD,Medium,0.9435353794765292,2.879113925181822,0,10.647228221769234,0
761,23.39489739009781,PhD,Low,0.6538913194916536,9.18193334903884,0,11.600861450193882,0
762,28.976078517162893,Master,Medium,0.8577380279042509,10.0,0,19.404575845166228,1
763,48.48067630615036,Master,Medium,0.8903539431693489,3.009839067170534,0,14.518266842528536,0
764,27.2315208022028,Bachelor,Medium,0.9090868794900586,7.920108682892889,0,16.53349186829718,1
765,37.194186610285406,PhD,Low,0.8513511277915774,7.453010704230577,0,12.246416059407125,0
766,22.3745885989929,Master,High,0.7601263504129376,5.4250493902244905,0,11.918172854088299,0
767,27.720092076024308,High School,High,0.8521595091259038,4.211288666661535,0,16.427779447701987,0
768,42.16640508508408,PhD,Low,0.641135095803172,8.983500690893111,1,15.630311640017025,1
769,22.98426353769786,Bachelor,Medium,0.8334766901375431,7.35814106291439,0,18.889933391540346,0
770,42.49958846397543,Bachelor,High,0.7939120336962827,7.508852914853442,0,21.507964990019964,0
771,33.662015483643806,Bachelor,Low,0.6751905238047434,5.756461294333597,0,11.542938978617975,0
772,23.50026579284586,High School,High,0.9725120584691134,5.396181591100085,0,19.305922688818903,0
773,33.05926191244417,Master,Low,0.5465366901918494,2.090052917452107,0,9.600969161534186,0
774,35.78043559701384,High School,Medium,0.8712524442474093,6.543943940430242,0,25.36889341401642,0
775,32.97447969773757,PhD,High,0.9581216944380178,9.877652758908445,1,11.068479734308356,1
776,18.0,Bachelor,Low,0.7764925442850357,5.2194911599026925,1,18.453152848783798,0
777,22.182902593401053,High School,High,0.7937555584790241,3.9551706114665204,1,9.563798306276672,0
778,26.019850915587963,High School,High,0.8256682215470319,7.871329132914004,0,14.239545569266006,0
779,27.40453256719963,Master,High,0.9142762324319144,8.240159996892672,0,22.72866571076758,1
780,32.96537678040542,Master,High,0.9654562573902079,5.828188078637648,0,10.911479240069635,1
781,29.42160800746603,Bachelor,Low,0.6539494497582892,6.302471070600717,1,26.020930839431113,1
782,18.0,High School,Medium,0.9899866451824832,7.527806234437517,0,14.97362201445477,1
783,31.041582808047707,High School,Low,0.8875714122415103,6.688901062741347,0,19.87856268991333,0
784,32.88468596227059,Master,Low,0.8909857289376361,9.000258671507964,1,17.014722867518017,1
785,32.478323583448315,High School,Low,0.7799635712544113,10.0,1,17.285200327981833,1
786,36.64624580443697,High School,Medium,0.8159372526612194,3.5816728896190884,0,7.869431414284477,0
787,34.67137723639123,High School,High,0.8929530859969962,9.45951026111596,0,12.635736035109769,1
788,31.673440633827493,Master,High,0.6029984963246104,7.210519402046668,0,20.979882312418518,0
789,27.438674308330825,Bachelor,High,0.8165336997757106,9.776401877708322,0,13.278393991150015,1
790,18.0,PhD,Medium,0.8796091787672159,8.448709022531359,1,15.694160413589067,1
791,31.436945753060687,Bachelor,High,0.8061386184565812,7.1223129198714235,0,7.262889358154244,0
792,29.66150149730489,PhD,Medium,0.9418361160282873,8.520045884882068,0,12.312115294996278,0
793,30.172630697562987,High School,High,0.5637690849786822,6.211688457630405,1,20.615196488157327,1
794,18.0,Bachelor,High,0.732720576597388,5.451397155790291,0,8.5868528403653,0
795,19.3515476767339,PhD,Low,0.4382403055810532,8.621726231196698,0,18.58539518498082,0
796,36.42522282666323,Master,Medium,0.8305827016289034,5.311343102420992,1,15.888890692924928,1
797,27.68355876914676,Master,Low,0.9548882785972016,8.284745183283135,1,13.820222569884107,1
798,33.452005578980994,Bachelor,Low,0.7408306619594974,7.061495166174997,0,13.600377288389964,0
799,28.22654700904369,Bachelor,Low,0.8852947824632166,2.341116697754848,1,12.544851509610062,0
800,28.23804911596596,High School,Medium,0.7861395776991386,5.85123509907412,1,12.990145139715185,0
