student_id,age,grade_level,attendance_rate,gpa,absences_per_month,parent_involvement,economic_status,behavioral_incidents,extracurricular_activities,tutoring_hours,family_size,at_risk
1,16.514799850689386,12,0.7724610323896077,2.527957904975052,4,High,Middle Income,1,0,9.749934990851498,2,0
2,14.183037134438678,11,0.8103033985609793,0.839678998069938,6,Medium,Low Income,0,2,2.2512688957153135,2,1
3,15.242993787882353,12,0.8548327453695052,3.507079447767363,3,Medium,Middle Income,2,0,0.3017757957576207,3,0
4,14.930168802448858,12,0.6849950670875262,2.8853570558871544,6,Medium,Middle Income,2,1,0.986482451166212,5,1
5,17.71614669214325,12,0.8272584124198931,1.5099743655203133,3,High,High Income,0,3,3.614094830955292,2,0
6,15.173980035370546,6,0.7486750723660726,3.299098138061288,2,Low,Low Income,0,4,0.3225727520175293,2,0
7,16.996377168974565,10,0.884299565954752,2.5887174781994737,4,Medium,High Income,0,1,1.1913620112900338,5,0
8,19.0,11,0.7402673503672741,3.8490091874826025,4,Medium,Middle Income,1,2,0.6862481985527872,5,0
9,18.52572308903531,10,0.8707322640192917,1.6298353798609622,3,Medium,High Income,1,1,1.5342343148290232,2,0
10,15.121570286264731,8,0.5268028227220762,2.146816188654455,1,Medium,Middle Income,3,0,3.5691199760188947,5,1
11,15.307124214022698,7,0.742722281088825,2.9683936316967285,3,High,Middle Income,2,1,1.9268049217674315,5,0
12,16.910639319114495,6,0.6009321179182637,0.9821353434139741,3,High,Middle Income,0,0,0.553006813230827,2,1
13,12.662674585972736,12,0.8616983489431862,2.2711166057202457,7,Medium,High Income,2,0,3.699294826000086,3,0
14,14.275829009980374,11,0.9237966218601803,3.0037862888095255,7,Low,Low Income,2,0,0.2356846664962347,8,1
15,16.985821696247484,10,0.7944343771993376,2.902822809598624,2,Low,High Income,0,0,2.9104955225461944,3,0
16,15.751373207709028,12,0.6866536552925526,1.5796119085137605,6,High,Low Income,0,0,1.832111687969491,6,1
17,19.0,10,0.5844371341623376,2.6255022184521897,4,Low,Middle Income,1,3,0.5492191744847844,3,1
18,14.763114690031223,6,0.7367530966696877,3.3366189075828387,7,Low,Middle Income,1,2,0.6797474250226824,5,1
19,13.906322027569885,11,0.7638201531370636,3.1057727823932946,2,Low,Middle Income,3,2,7.745565136060262,5,1
20,14.220764822679595,6,0.5115958442856589,2.5830293498610715,3,Medium,High Income,0,0,1.4478349620133553,5,1
21,16.028081074394258,9,0.8170512579206856,2.3430051417309357,2,Low,High Income,1,0,0.12567660952663362,6,1
22,15.678340627668433,7,0.9328436344342917,1.9931429070406588,5,High,High Income,0,2,0.46678080071887557,5,0
23,19.0,10,0.8731055324674571,1.3166120315895395,1,High,High Income,1,1,2.871999272045948,4,1
24,15.201768562948953,10,0.3121043144851504,1.8967466831222972,3,Medium,Middle Income,1,4,0.4226389297931683,5,1
25,16.108889126729142,8,0.7419016931782888,2.5772211911338294,1,Medium,Middle Income,0,1,7.692253316640554,3,0
26,17.768363630390237,10,0.6373326510232391,3.0169073482602133,2,High,High Income,1,0,2.2408559753476687,2,0
27,15.784038877314131,9,0.5551048530253888,2.7949520086307684,1,Low,High Income,1,3,2.4571592449250854,4,1
28,17.11121396850364,6,0.721217450810198,3.4429561749852553,3,Medium,Middle Income,2,0,2.335408887909602,4,0
29,16.789813271900353,6,0.8117517657369402,3.773346843713757,3,High,High Income,1,3,0.5484956838455359,2,0
30,17.674410045294596,8,0.6521018439534125,1.4128115432567472,2,Medium,Middle Income,0,1,0.8691327474288986,2,1
31,13.184243659206846,11,0.8098125694600967,2.5569518054291676,2,Low,Low Income,1,0,2.9061911834198946,3,1
32,17.615698827269803,8,0.5155152734508968,2.8323076581502002,2,Medium,Middle Income,2,0,3.035485745175056,5,0
33,15.72343271071798,10,0.9080771054641809,1.010673579340395,5,Low,High Income,0,2,0.4024964980338836,3,1
34,16.37435717066799,9,0.5926529977316789,2.303811398108673,2,High,Middle Income,3,0,3.3880760856643786,2,1
35,15.226683728973203,12,0.8061621605832566,3.498594823293175,5,Medium,Middle Income,0,0,0.514674282521598,2,0
36,19.0,6,0.790925459912457,2.535329511393179,4,Low,Low Income,3,1,0.513566899036005,3,1
37,12.0,12,0.8779341352774582,2.7199865008384094,4,Low,Low Income,0,2,1.9270226927177228,6,0
38,18.79863397261235,10,0.547999656386449,2.7641936191891436,1,High,Middle Income,0,1,1.4529850710312948,8,0
39,14.641985757595616,8,0.4442833072830766,2.858242499903655,3,High,Middle Income,0,0,4.411757194170506,6,0
40,19.0,9,0.7261071690799807,3.004339194536559,2,Low,High Income,1,2,0.9963428210042001,6,0
41,18.442431926506938,11,0.80882543153454,3.424320859368584,4,High,High Income,1,0,0.683565063258172,3,0
42,18.029977033565398,6,0.47464617450800534,2.6189623941896456,5,Medium,High Income,0,0,2.7792451335639754,4,1
43,17.6562599646994,12,0.4420283141957302,4.0,2,Medium,Middle Income,1,3,2.4501898378494738,2,0
44,19.0,12,0.9154382722213675,2.6694956371585086,7,High,High Income,1,0,0.07847563527893733,4,1
45,14.810088659733143,9,0.7594271842425029,2.221474617679798,2,Low,Middle Income,0,0,1.0414284726982157,2,1
46,14.837460924943167,11,0.8748218635140773,1.3173891964813909,3,High,Middle Income,2,1,1.405070917690326,3,1
47,14.688211707632266,9,0.4908410797317306,1.9789268022757232,1,High,High Income,0,1,3.6307379055954216,5,1
48,17.850297706713746,6,0.3905231700140088,3.1092931564024835,6,High,Middle Income,0,2,0.8315515310787127,4,0
49,13.401677311498293,10,0.7523763860088963,2.098711981910871,4,Low,Low Income,1,2,5.365121841016487,7,1
50,18.022333734421522,7,0.7124575606984839,2.0232670369234365,2,Medium,Middle Income,0,2,2.2876976899873127,4,0
51,15.423119634466653,9,0.4073233298011602,2.748458774463739,2,High,Middle Income,1,0,1.0452191445517565,5,1
52,13.864573869289387,6,0.846893031639778,2.078491111085972,4,Medium,Middle Income,1,1,1.0024885575388514,3,0
53,13.844798204887272,9,0.6519336117858513,3.00322675953098,1,High,Middle Income,0,0,0.6207933531366282,2,0
54,14.406452473961176,12,0.5484171652207978,1.9662753980521313,0,Medium,High Income,0,2,1.9146733462754786,6,0
55,13.027914836279226,12,0.7485182134144639,3.978030320799972,1,High,Middle Income,2,2,0.17829531064189738,2,0
56,17.028257531347112,6,0.38390833907238076,2.241651880753983,4,Low,Middle Income,3,2,0.114034053163334,2,1
57,17.70358172888614,6,0.35039465343242593,2.6765038989272907,3,Low,Low Income,2,0,0.016801262077116907,2,1
58,17.91734687454686,10,0.48810597213978274,3.7886816247798687,3,Medium,Middle Income,0,0,1.6391653465647085,3,0
59,14.747031901746032,8,0.8902245819755139,1.4439638483829509,3,High,Middle Income,2,0,1.7693271227751821,4,1
60,16.61586202575107,12,0.7422744385736549,3.22577172842638,1,Medium,Middle Income,1,0,1.32052183796232,5,0
61,16.010411369871107,9,0.5741165390758949,4.0,1,Low,Middle Income,1,0,0.6927059007558222,3,0
62,17.38306381528505,8,0.5969865564742968,1.7841628294623026,2,High,Middle Income,1,1,0.3871030215005853,8,1
63,16.889724318154624,11,0.602801837008363,2.649093504289003,2,High,High Income,1,2,3.998052133791091,4,0
64,16.180559064982088,7,0.5367064837520588,2.395880035459258,0,Low,High Income,0,1,3.8001857812730107,5,0
65,12.28331420131978,9,0.7990931065613344,2.377117539165806,1,Medium,Low Income,1,1,1.9240601763418201,3,1
66,15.666839912162336,6,0.6201144883537192,2.3403191832612618,2,Low,Low Income,3,0,1.406824586244157,7,1
67,16.22175296027491,11,0.8623766293413374,1.6659370168369025,3,Medium,High Income,2,2,2.2690880521063193,4,0
68,14.610454711978013,9,0.8029989717071297,3.1891607158993773,1,Low,Middle Income,4,1,5.105391518370519,2,1
69,15.461648868122039,10,0.6638544666317475,2.292084555806633,4,Low,Low Income,2,2,2.1449156059238796,7,1
70,13.401549699978439,9,0.7275202600564158,1.836692538440377,3,High,Low Income,0,1,2.441649995840486,2,1
71,15.357789105794822,8,0.5897295279081669,2.28632142240057,4,High,High Income,3,2,0.18107895214388664,5,0
72,17.01173748432093,6,0.7171242071444857,1.9407126946775475,1,Low,High Income,2,0,1.5291659820201362,4,1
73,19.0,6,0.8580361433376198,3.1098828969834713,1,Low,Low Income,1,1,2.3362167473853517,3,0
74,13.974581490399444,12,0.9383316471726926,2.5565536538458122,1,Medium,Middle Income,2,1,1.2009793826444477,3,0
75,15.952051859460699,8,0.7726791734426148,1.9617521462704333,2,Medium,High Income,3,1,1.9527860633939207,3,1
76,14.077061899922919,12,0.570394727840109,2.881603575479435,4,Low,High Income,1,2,2.7016795292212676,5,1
77,15.814867622066815,12,0.5586923292419733,3.6319281536613817,2,Low,Low Income,1,1,5.685210090707732,3,1
78,15.552535837733611,6,0.6722733270839188,1.7530884143876984,1,High,Low Income,2,0,1.0754025169863912,2,1
79,17.665784324198665,7,0.6989762069904503,0.9118168791181513,6,Medium,Middle Income,0,1,1.6299303906195133,4,1
80,17.94823915678081,6,0.5438467952666511,3.479682855127698,1,High,Middle Income,0,3,1.7349269551444149,3,0
81,16.3256363153962,9,0.6952570219163515,0.9226554569358181,4,Medium,High Income,0,2,2.9990969753111347,3,1
82,15.77101595979133,10,0.8748530480473462,3.7446036962029394,4,Medium,High Income,3,0,0.9939681531885464,4,0
83,18.372936865233292,12,0.6302117879624147,2.673134792216322,3,High,Low Income,4,0,2.692727665613722,5,1
84,16.359583301726357,8,0.36815387701720287,1.8826573677786795,3,Low,Middle Income,0,1,0.0872180371631482,5,1
85,19.0,11,0.6412351075359246,2.158571876606948,6,Low,High Income,1,0,0.08664752266630521,8,1
86,12.731935960743764,7,0.9361447574364014,2.453437814935976,3,Medium,Middle Income,0,1,2.780791971470273,3,0
87,19.0,9,0.8459955365504799,0.6508442325991473,1,High,Middle Income,2,0,0.8446957869082986,4,1
88,14.764544598225624,7,0.8303142774435994,3.033362477254588,3,High,Low Income,1,3,0.8082642823858069,3,0
89,13.827201414282486,11,0.716257288677331,2.30252943534618,5,Low,Middle Income,3,3,1.199576456703929,4,1
90,15.910493343990577,6,0.6468867474426238,2.958082195234624,3,Medium,High Income,1,0,3.8817364391271374,5,0
91,13.672595160503487,8,0.5950178926322529,0.7166535589016867,2,High,Low Income,2,1,0.5980253871025627,2,1
92,17.13787899000844,7,0.778096982036297,3.5792349342150436,3,Medium,Low Income,0,2,1.3269041038347533,7,0
93,15.074712288919148,8,0.7360668807748859,0.2738803464501971,1,Medium,Middle Income,2,0,2.417086193326974,8,1
94,16.574710209665056,10,0.8469414170051025,2.086006677652839,4,High,High Income,0,1,5.520522783191585,2,0
95,14.045322578323425,10,0.597995802969621,2.7994879543062288,5,Medium,High Income,0,0,1.5479855438594283,4,0
96,15.555127483128134,6,0.7132492134495996,0.913054318320877,4,Low,Low Income,2,0,3.0207371103675076,6,1
97,16.193863535760393,9,0.7803138887339873,2.970660631382543,1,Low,High Income,3,0,1.8974312738229813,4,1
98,15.623231302239041,7,0.9384379804531309,3.7652627688474647,1,High,Middle Income,1,0,2.588443292089405,8,0
99,19.0,7,0.755466617156018,2.5256421781376224,2,Medium,Low Income,0,0,8.128155275971878,3,0
100,17.171621654549565,9,0.7600724650921372,2.237136876239251,2,Medium,Middle Income,4,3,1.4338595583695704,5,0
101,16.407350784030083,12,0.8260413374826716,2.610245794152882,4,Medium,Low Income,3,0,2.456133755119051,5,1
102,12.286958599202851,7,0.6195013122649788,1.697730266273505,2,High,High Income,2,1,0.7203785137834611,8,1
103,16.756378912340928,9,0.42938471677903245,2.515485368080472,1,Low,High Income,0,2,0.21184406255130403,7,1
104,18.472280630343338,12,0.5444233234645127,2.2705059155502227,2,Low,Low Income,0,0,0.14079203650972305,2,1
105,14.620056392929941,6,0.7107859289471867,3.0479257286180736,5,High,High Income,2,1,0.9510697748353226,4,1
106,15.603290615576507,7,0.7535936142313163,0.8797269150305791,3,Low,Low Income,1,1,0.6171710686353533,6,1
107,12.0,7,0.671581168516533,2.4342845809769074,3,High,High Income,2,1,2.513154246571965,4,0
108,13.508747553176526,11,0.7325891280865239,1.8902758636341495,6,High,High Income,0,2,8.29572092686684,2,0
109,12.0,7,0.7551619045902707,2.1705231982678677,1,High,Middle Income,1,1,0.3092990064802265,6,1
110,16.20824329258525,12,0.6273845502987838,2.375602591131196,3,Medium,High Income,0,2,0.4637327837095967,3,0
111,15.699533011857339,11,0.8261520582871593,2.360145163220702,3,Low,High Income,0,1,0.3834275807819194,2,1
112,15.788366993778576,6,0.6824390759311391,3.9054220339392174,2,Medium,Middle Income,1,1,0.37202115761910914,6,0
113,15.126091722048272,8,0.6406216514989381,3.1257850284331146,3,Low,Low Income,1,2,0.443174481638384,5,1
114,18.038272632530465,10,0.8927965466426382,3.4660160782005143,5,Low,Low Income,2,0,1.441711530300055,5,1
115,13.534393547338055,10,0.6436929997030844,0.3965847422864752,7,Medium,Low Income,1,1,0.4123010410703334,2,1
116,15.851750923401113,9,0.9354013159699303,2.6027418674263005,5,Low,High Income,0,1,0.5368919785544448,5,1
117,17.19277836550308,8,0.5661697479308986,2.0254550005813843,5,Low,High Income,4,0,4.687681490221895,6,1
118,15.641214875737461,8,0.35801842533275036,1.4736331868819155,2,Medium,Middle Income,0,0,1.6069787374314708,3,1
119,15.818409864451294,11,0.9784716711080739,2.850384782189469,1,Medium,Middle Income,1,1,0.3634162165007224,4,0
120,14.349840742168713,9,0.5146059546543075,2.82310593333267,3,Low,Middle Income,1,0,5.183328618164972,2,1
121,15.330061077808631,8,0.8818061381334652,2.4810704933006926,4,Low,Middle Income,0,0,6.393985389644715,2,1
122,17.436701615019064,7,0.32150536549221753,3.2808089925828923,3,High,Middle Income,1,0,1.5692664864442663,2,1
123,12.0,7,0.698985840392854,2.3291711605209118,1,High,Middle Income,0,2,0.618613414809272,6,0
124,15.683941901937718,9,0.8749749021555113,2.9865957885931746,5,Low,Low Income,2,0,2.9890077657070666,5,1
125,14.831569743855612,11,0.9147200237858191,2.4080739160834543,3,High,High Income,0,1,2.5060509996956264,2,0
126,15.859387004571069,7,0.7210321814159818,2.186709584722324,4,Low,High Income,2,1,2.6712753896404937,2,1
127,19.0,7,0.5354491876505191,3.516706064468184,4,Low,Low Income,1,0,2.5369031227349184,2,1
128,15.106741414825224,11,0.658072503603672,3.208647173140267,1,Low,Low Income,1,0,1.1712152169464125,5,1
129,18.978749157218328,11,0.8692451283916856,2.654353956851066,4,High,Low Income,2,0,3.7648243823965313,2,1
130,18.200617442745465,8,0.6087490714950733,1.9741949106076508,5,High,Middle Income,1,0,1.9613706919347722,5,0
131,16.059792635908284,7,0.900840123957121,1.890820191505021,4,High,High Income,0,1,0.8580357867889239,4,0
132,16.174211621833255,12,0.7146141870300995,2.1678859593063833,2,Medium,High Income,1,0,0.28214409921786165,2,1
133,16.362469884383227,11,0.44028527850132215,2.9666741294693937,4,Medium,Middle Income,0,0,0.0170365631923036,4,1
134,14.349656405625547,11,0.7688419119211956,1.2060195757714922,6,High,Middle Income,1,1,2.3200541318777375,3,1
135,17.253677533804083,11,0.9102873038962735,3.0867497269471387,2,Medium,Middle Income,0,1,3.332634867320271,4,0
136,14.77460430580322,8,0.7259799016938154,1.256979806001603,5,Low,Middle Income,2,1,0.8720688731497789,4,1
137,16.07148467103414,7,0.8047762218555888,2.4738189347733406,1,High,High Income,2,0,1.2747656992162697,5,0
138,12.0,10,0.806423384618748,2.2089899537557756,5,Medium,Middle Income,1,2,9.271126476249322,5,0
139,14.273434621343226,7,0.9109526989906906,3.3974176403200715,4,Medium,Middle Income,1,1,5.0984866144755285,6,0
140,17.070198726078836,8,0.7766033914030234,2.179855621859717,4,Low,Middle Income,0,2,0.4838201825199131,2,1
141,13.753073409577384,9,0.45106050135438475,2.1915213399252407,4,High,Middle Income,1,3,4.179010215525833,2,1
142,16.667930185442703,8,0.8516041436518963,1.8283896883726993,6,High,High Income,1,0,1.5562963873963749,3,1
143,14.985539089571965,9,0.36392939930609236,1.9528419646907729,1,High,High Income,0,0,0.9779572023180363,5,1
144,17.980300342256257,9,0.7499397601744756,1.0718823482232818,1,High,Middle Income,1,0,0.6412643850412365,5,1
145,18.51588793774433,12,0.7518351905116581,2.7808434723289683,9,Medium,Middle Income,2,3,4.727170755958135,6,0
146,16.355249837429138,11,0.7913454731202195,1.3560258128639227,2,Medium,High Income,0,0,1.487531589119987,6,1
147,15.970265167085552,7,0.7905149084225634,1.854575270558435,2,Low,Middle Income,1,1,2.9586531232116116,6,1
148,16.080872228654197,8,0.7192411348626752,3.2472923005112544,0,Low,High Income,2,1,0.5215102093252795,7,1
149,15.957110460712112,7,0.7268880976452151,3.9119570619064854,6,Low,Low Income,1,1,5.949347983292452,4,0
150,18.38331316599283,7,0.8019514290162995,2.954405294058265,5,Low,Middle Income,0,1,0.5740512900113107,5,1
151,19.0,10,0.824729369017225,0.5041524497981096,2,Low,Low Income,0,1,0.29327636219705316,2,1
152,13.333077746450101,8,0.8915512747122718,2.2423221826618986,0,Medium,Middle Income,0,0,0.6270835127894256,2,0
153,13.943454692625112,12,0.4557227677348959,2.401894695355936,3,Low,Middle Income,0,0,1.547241323141272,3,1
154,18.726339328173253,12,0.656582410313361,2.090160814681242,2,Medium,High Income,0,3,1.3362007535104912,6,0
155,13.715450813014508,12,0.8725493169518157,3.5880152592151253,3,Low,Middle Income,0,3,0.12798136610693392,7,0
156,13.255949070175017,6,0.7500604745560223,2.2255140157615827,1,Low,Middle Income,1,0,0.7181546722248632,3,1
157,19.0,9,0.8203956252741861,2.8701158749806055,3,Medium,Low Income,1,1,0.44248271164566544,3,1
158,15.451450228989883,6,0.7541654878478832,1.5974916954435043,2,Low,Low Income,2,2,1.4815107422608071,5,1
159,15.499709153317548,6,0.5748496210558736,3.1772852776381306,1,Medium,High Income,1,4,0.7928246628096214,5,0
160,14.982339200135554,12,0.7655369611657697,2.55883064711822,2,High,Middle Income,1,1,0.7703268940518416,6,0
161,17.162681458816834,11,0.46477604537589906,2.4623510452495885,2,High,High Income,0,0,1.4707413378106466,3,1
162,13.733799838777895,10,0.4713001761358882,1.7259108710040583,2,Low,Low Income,1,0,1.076865768606686,5,1
163,19.0,10,0.825050609500725,2.0453712068726837,6,Medium,Low Income,1,0,1.2368539448507738,5,1
164,17.506092648005282,10,0.7652961571851972,1.5748697605231259,3,Low,High Income,0,3,3.5204863447434236,3,1
165,15.896399536464198,11,0.8463303053831048,3.2941510870095363,4,Medium,Low Income,0,0,2.8730471540838316,7,0
166,14.896588801077826,7,0.6889963958479951,2.7011493297799287,6,Medium,Middle Income,0,3,0.665374873311571,2,0
167,16.216513880119347,6,0.5795387971904346,1.6600397161519058,0,Low,Low Income,1,0,3.7832645549378316,3,1
168,18.087939302848792,11,0.8724925370732199,1.374959489945022,3,Medium,High Income,0,1,2.212177463562956,4,0
169,19.0,6,0.7180564043081058,1.719509677061712,3,Medium,Low Income,1,1,0.1196846517277414,4,1
170,19.0,7,0.8767344041647496,2.857448212044366,5,High,Middle Income,2,1,6.609297201272732,5,0
171,18.025804974145334,7,0.5639733725344057,3.026233101899964,1,High,Middle Income,1,0,2.6836351797523066,2,0
172,16.08609148109478,8,0.7303378942069163,1.2585932528135793,4,Medium,High Income,0,0,3.015009130831334,5,1
173,18.465009221277242,9,0.9105886386178308,2.618733143137437,2,Medium,Middle Income,0,1,2.780611591100262,5,0
174,15.307178318123604,11,0.566600586142861,3.187280553220433,9,Medium,High Income,1,1,0.2963752095998105,6,1
175,16.663766766879306,9,0.9603551937040498,3.0499472810733463,3,Low,High Income,0,2,0.8946058170479927,2,0
176,18.341391856770812,9,0.6962289096511662,2.635959537764138,5,Low,Low Income,2,1,1.1774509959843829,6,1
177,17.21354738343704,8,0.8623612959500309,2.2877893599702297,2,High,Middle Income,1,2,1.2357926481534747,2,0
178,14.670614014470036,10,0.8742820612860351,2.7771664153009774,4,Medium,Low Income,0,2,0.21130271936957795,2,0
179,12.934452252797836,11,0.9013233492957735,2.2549890067359275,6,Low,Middle Income,3,1,4.8467027713087685,2,1
180,17.002993219305104,10,0.706401893012742,4.0,5,High,Low Income,3,0,0.38814217997691264,4,1
181,16.26927287924983,8,0.735449341955953,1.8197692430416268,3,Medium,Low Income,0,1,1.9315127615177488,8,1
182,17.859979537120807,10,0.5706311519758389,3.1140169525974595,3,Medium,Middle Income,2,1,1.6430889463607226,4,1
183,16.115778923526374,11,0.2924695053742772,1.951236123877632,6,High,High Income,2,1,0.8557069249486935,7,1
184,15.240832732934793,12,0.82159253181282,2.5032547210047125,5,Medium,Middle Income,0,1,0.9868579362204188,8,0
185,18.107906207595075,7,0.4697611360025401,3.0727197852160963,1,High,Low Income,0,0,6.613898839689234,5,0
186,17.992626706169244,6,0.47547192205854416,2.8482780454719228,4,Medium,High Income,0,0,0.901134009623346,4,1
187,12.0,9,0.9140795131163393,1.1638649071092124,0,Low,Middle Income,0,2,2.1794931424424306,3,0
188,12.961768790317496,10,0.725295119595783,2.847200971856015,2,Low,Middle Income,1,0,1.6366552079142964,4,1
189,16.25966925115495,8,0.8352248619723605,1.1942361219635753,6,High,High Income,2,0,0.6609796895713311,4,1
190,15.869524264481639,8,0.9794159101110815,3.491569367867356,4,Medium,Low Income,0,0,1.1239292488840713,8,0
191,15.62602990038072,6,0.5021290836073024,2.375827542087291,5,Medium,Low Income,2,0,3.8738366429733238,2,1
192,17.64786499648355,9,0.605969180120799,2.605382211987095,2,Low,Low Income,0,3,2.193346294328538,3,1
193,19.0,9,0.9200055352443107,3.914141971481204,2,High,Middle Income,2,1,0.35545496871977067,5,0
194,13.937103733411806,6,0.746361743021664,2.7309893155564784,1,Medium,High Income,1,0,4.225165373157333,2,0
195,15.864964447448461,11,0.8725916637819215,2.9630189674134675,6,Low,High Income,2,2,0.10861381690882127,2,0
196,15.949236883206067,10,0.580397253754915,2.835953278564199,4,High,High Income,2,2,2.461370417596879,5,0
197,16.41058638966391,12,0.6535713164243421,3.1664811324017945,3,Low,Low Income,0,0,0.22716447252505473,3,1
198,13.552720537928474,11,0.9238553259230963,2.9484553317251527,5,Low,Low Income,0,1,1.4152845055404997,5,0
199,16.93485975667996,8,0.5169100298935825,1.9078553468808985,1,High,Middle Income,1,0,5.7650707563461925,4,1
200,16.073402031407927,9,0.8237866486725242,2.1960004290418644,2,High,Middle Income,2,2,0.9102960595983319,6,0
201,19.0,6,0.806794984925518,2.3278599700913993,6,Low,Low Income,2,1,1.6990314879736454,4,1
202,16.769621582357434,12,0.5887855294305714,1.9704905703870346,4,Low,High Income,0,2,0.5180831430909874,5,1
203,14.598944889830264,11,0.7551790615689846,2.8585424677360822,2,High,High Income,0,1,4.167736859351332,3,0
204,13.005690586249406,8,0.7571948202094482,2.440061974333074,3,Low,Middle Income,2,3,0.43559544300751546,5,1
205,15.804110568524347,9,0.950750379872577,2.3557802934589454,5,High,Low Income,1,0,0.9574694421298447,3,0
206,14.500700813113454,7,0.6382525244525947,2.979343754313872,5,Medium,High Income,0,1,5.948077694563492,2,0
207,15.152658623288115,12,0.695958466243018,3.243542366290421,5,High,High Income,0,1,2.3104612490005416,4,0
208,16.691304917765226,11,0.8973083876677374,3.2113694131781516,2,Medium,High Income,1,2,1.7298133163328977,4,0
209,16.470035605137056,12,0.7031277462429624,0.8386199103038976,2,Medium,Middle Income,1,3,4.211226797725783,4,1
210,16.38780103550197,11,0.6030293872767409,2.478611214480448,3,Low,Low Income,0,0,0.8388777493290122,4,1
211,18.78452509857785,10,0.7236446198749291,0.726093740001069,4,Low,Middle Income,2,3,0.42819970325461637,3,1
212,16.81591138615409,6,0.6733699376591905,2.489430819420645,6,High,High Income,0,1,4.316792466664996,4,0
213,19.0,6,0.7513970761931665,2.529940163186296,3,Low,Middle Income,0,0,4.74577652560454,3,1
214,16.322669850083024,11,0.9732208956433063,1.6556872617673664,1,Low,Middle Income,2,2,0.46025392415159383,8,1
215,15.18620761938819,7,0.533560310855829,3.0999217138969124,5,High,Middle Income,0,0,3.3838452782720165,2,0
216,13.005813077775333,9,0.6127011356155381,3.311251216985937,0,Low,High Income,2,0,0.8706887376492906,3,1
217,13.371256905875704,8,0.8618382396936446,2.8399612916139345,4,Medium,Low Income,0,0,1.1248078692248427,4,0
218,17.81363028500495,12,0.43185319367346614,1.6147908193050806,3,Low,Low Income,1,1,2.1488807572131026,3,1
219,17.297864657266224,8,0.7820971870203405,2.5326286037212267,2,Medium,High Income,1,1,0.2266837134703356,3,0
220,15.82060254813454,9,0.7385491853003808,2.8980508931032682,3,High,High Income,0,1,1.817177094542656,2,0
221,15.551242371569835,7,0.45768186047776577,4.0,5,Low,Middle Income,0,1,3.596738457785418,4,1
222,14.224790305595146,6,0.7661811665756054,3.584140151894752,3,Low,High Income,1,0,7.036154604407199,2,0
223,15.667264840081007,7,0.6694181966837022,2.7890600730549453,1,Medium,High Income,0,1,0.8753325995526524,4,0
224,16.24697794821365,9,0.738648153039901,2.9884803826735586,4,Low,Low Income,1,3,0.7329753150316874,4,0
225,12.0,8,0.6179391577614344,2.183640753698116,0,Medium,Middle Income,2,0,2.6868133928596247,8,0
226,17.450386214273433,12,0.6522206970377259,4.0,0,Medium,Middle Income,0,1,3.06711344147692,5,0
227,12.0,6,0.7982708269002967,2.2522763236113033,6,Low,Middle Income,1,1,0.4347552900653912,3,1
228,16.673956662897996,7,0.8188213717555605,2.7270674987747503,5,Medium,High Income,1,1,0.7715168348068425,6,0
229,15.910603352614189,7,0.6402533738387741,1.9537510200651251,3,Low,High Income,0,2,2.5390074994739464,4,1
230,16.584148143561723,8,0.6630051485388009,2.4205849968471083,6,High,Low Income,3,0,0.07775154472809735,2,1
231,14.703002207542184,12,0.8099839608480779,2.812057973736543,3,Medium,High Income,0,2,6.368485951659256,4,0
232,19.0,11,0.5748522615739728,2.709858660620181,3,Low,High Income,2,2,3.1948673590696433,4,1
233,17.436184960476833,10,0.6269037025883317,1.8033372895258313,3,Medium,High Income,1,1,6.742809844571662,5,0
234,17.270832342927406,8,0.3079808956323241,1.8794571029207168,2,High,Middle Income,2,4,0.42906204826676336,3,1
235,15.642128789906064,11,0.632494166644343,0.990722589300707,3,Low,Low Income,2,0,4.23280516227755,3,1
236,15.849491290497873,7,0.8454266465560741,1.9799632586597193,4,Medium,Low Income,0,0,1.6201170740885558,5,1
237,17.77139617500118,6,0.8239458532933118,2.122329460964645,7,Medium,High Income,0,1,2.5589256392692867,4,1
238,18.604581434338574,11,0.4941823096257854,1.9527046072890348,4,High,Middle Income,3,1,0.5428870012369976,2,1
239,18.80035025110622,10,0.8699291084361362,3.4150486512136915,3,Medium,Middle Income,2,0,0.5161662141714828,4,0
240,15.907225403262359,10,0.9550707366525722,1.0788389221576997,5,Medium,Middle Income,0,2,1.4170699534288098,8,0
241,16.11340269678621,9,0.7583381822213727,3.107702879556329,1,High,High Income,1,1,0.34470247703410806,5,0
242,16.662160435363685,11,0.8337531106541916,2.823478512545422,2,Medium,Middle Income,1,3,7.407465063049073,6,0
243,15.476438212923473,11,0.8866481036632922,0.4356772833544693,4,Medium,Middle Income,0,2,0.3477713038879808,4,1
244,14.581470160983956,10,0.8312545282656328,2.661348872949373,8,Medium,Middle Income,0,2,2.131604044529202,2,0
245,16.332918371060387,6,0.7234611831867226,3.0907307044107784,1,Low,Middle Income,2,0,0.20012217337227892,6,1
246,16.946645302532055,8,0.7628509138111955,1.994698525921994,3,High,Low Income,1,0,3.7125569345068916,4,0
247,17.047408354031326,12,0.6520513451902773,1.9649026933575855,5,High,High Income,0,1,2.211277729541447,3,1
248,15.84892868456924,6,0.6725423248977779,0.9899048668244315,2,High,Middle Income,2,2,3.9967213798917456,5,1
249,14.683921889810014,12,0.8849849343791334,0.9115828195434903,2,High,Low Income,4,0,0.8289287367638437,6,1
250,16.998532026502186,12,0.7638709472952971,2.5596382781212523,2,High,Middle Income,1,0,0.6003623072709728,4,0
251,16.80199546393211,10,0.8933155093235816,1.8417719016507457,6,High,Low Income,1,0,1.1441476645461939,2,1
252,14.161906165067727,8,0.8324704740059752,2.7442930853562104,1,Low,Low Income,2,0,2.8025919379271858,8,1
253,17.897658525076345,7,0.33100431168321376,2.5393071024881126,6,High,Middle Income,1,0,3.866155858802105,2,1
254,17.519659690194512,8,0.6874978441352343,3.2305740054518726,6,High,High Income,1,3,1.7288992863755575,4,0
255,15.916265940585026,8,0.8627043419916276,3.834117584492569,4,Low,Low Income,0,1,0.7043667633964087,2,1
256,13.49151661134577,12,0.7003394182550251,1.425559034884257,3,Medium,High Income,0,2,3.858803213483232,6,0
257,13.571724326554618,8,0.6796769215195982,2.1325965963392752,0,Low,High Income,3,1,0.07602909991211627,5,1
258,16.868909446725503,6,0.5458937202923521,1.3604015212608114,4,High,High Income,0,1,0.16677045823330822,4,1
259,14.949110595698622,10,0.6425250865129783,2.482097722577629,4,Low,Low Income,1,1,2.152731505843025,3,1
260,15.451787287354833,11,0.5903205876356832,2.5711685771461066,8,High,Middle Income,0,2,1.3942952503202302,4,1
261,13.742222548345326,9,0.5159965790772999,0.5201983040757017,3,Low,Middle Income,3,1,1.1538688706425178,7,1
262,17.64652050206282,11,0.7689914129907984,3.756048787743234,1,High,Low Income,0,2,0.9210608088928803,2,0
263,12.216422707229569,7,0.6975568084324781,1.4540976109141162,3,Low,Middle Income,1,2,0.12611042593928157,3,1
264,15.904660018247453,12,0.9619273176596184,3.9897738205223896,1,High,Middle Income,0,1,3.912933154629286,3,0
265,16.710390447377627,8,0.7404594231874764,1.1919854143271034,2,Medium,High Income,1,0,2.2311596637459377,4,1
266,17.223871525945867,7,0.7808234764768045,2.9676702448530903,1,Medium,High Income,0,1,0.39226334358896553,7,0
267,16.964505760232534,11,0.8806929834447089,2.8223956208797465,4,Medium,Low Income,0,0,0.2207067783782163,6,0
268,13.560938048989557,7,0.759150212130025,1.5938540081805637,1,Medium,Middle Income,0,0,0.3898638230541766,4,0
269,15.175014660539576,12,0.39963384071260627,4.0,2,Medium,Low Income,1,2,3.4668406209236085,4,0
270,14.510933710017362,8,0.7976121752798354,2.1604450760926666,1,Low,High Income,1,0,3.3111189157098107,6,1
271,13.655806907020006,11,0.854343900255126,1.4981201367157624,2,High,High Income,0,2,1.0795675702353338,2,0
272,12.479447099193393,11,0.7965758035564542,2.779016151830025,0,Low,Middle Income,1,2,1.8045957251041183,3,0
273,16.957157904734153,6,0.846735705747867,1.4020363348368214,7,Low,Low Income,2,1,4.391742759612294,6,1
274,18.359177271803095,10,0.6757835024049903,3.0755046056495656,0,Medium,High Income,1,4,0.7481130507057009,7,0
275,14.857168473045526,10,0.5593660858008673,2.6432513357956573,1,High,Low Income,1,1,3.2309097417111072,2,1
276,17.53315715871357,12,0.9235834654363174,2.24887621239114,2,High,High Income,1,0,2.6995587770823537,8,0
277,17.07322700375654,7,0.6247516232381571,1.5896183599352707,2,Medium,High Income,0,1,0.58053462353598,5,1
278,14.191597718007179,6,0.8858619728091409,2.569827958174296,2,Low,Middle Income,1,2,3.150605121456937,2,1
279,15.771036868942442,12,0.7862543241748792,1.4348569449847697,2,High,Low Income,2,1,0.13948885570027844,2,1
280,16.083110625132715,8,0.8475004210040484,3.6773370176406512,3,Low,High Income,0,1,1.158699690751442,4,0
281,17.47831610247492,7,0.7382043347051583,2.61245006443259,2,High,Middle Income,0,1,0.12871839037324506,5,0
282,16.2194308681161,10,0.8395235917225928,2.4947097581043187,2,High,High Income,2,1,1.2383709630743553,5,0
283,12.514164603375136,10,0.8166507270699117,3.5376320691261833,4,Low,Middle Income,1,0,5.704557378884389,7,0
284,19.0,7,0.670274045010824,2.5029856022843155,2,Medium,Low Income,1,2,1.3485195342210154,2,1
285,16.778018975841093,6,0.7521746923979656,2.207482905095026,4,Low,Middle Income,1,1,1.9107087579089137,5,0
286,14.011555623387395,12,0.7818486198398821,2.625307615646254,1,Low,Middle Income,0,2,1.3496505245442108,2,0
287,12.925284707027501,9,0.70136546918572,3.0827691935336667,2,Low,Low Income,0,0,1.736401633192179,6,1
288,14.257001852773232,12,0.6591561571992238,3.4323350395640295,1,Medium,Middle Income,0,0,2.619915774138532,6,0
289,15.298837719396067,10,0.8453900003988591,1.7593969125438154,4,Medium,Middle Income,1,0,1.8636668753289987,6,1
290,14.641638759823458,8,0.8514368327676257,1.4713283261254382,1,Low,Low Income,4,1,0.7003866354811851,2,1
291,15.049404876915384,11,0.6984435283631827,2.4280446523007213,5,Medium,Middle Income,3,2,0.7977502482011902,5,1
292,13.961038371296782,10,0.43057905283711617,2.33423982716433,4,Low,Low Income,1,1,3.3065751478896606,3,1
293,17.110946159969075,8,0.5112780276773652,2.333617288442239,2,High,High Income,1,1,1.4508631126485012,4,1
294,13.903211199302316,10,0.9189449923429015,2.77086469934734,4,High,High Income,2,3,4.313602854766429,5,0
295,17.077755281501105,10,0.832953006892782,3.479293284679377,2,Low,Low Income,1,2,1.2341424468350388,2,0
296,17.357624629656996,11,0.7912765752772054,3.335832560408228,1,Low,Low Income,1,2,1.5913786591554406,4,0
297,12.992624140295817,11,0.7669671875031001,3.6040997941622095,6,Medium,High Income,1,1,1.1133377304643397,2,0
298,15.05520866920056,12,0.49867301876217596,1.4338426559457278,5,Medium,High Income,1,0,3.037572034035744,6,1
299,17.818550475989177,9,0.7810547112032011,2.3723688456165686,5,High,Middle Income,0,1,0.5595427320145224,2,0
300,16.315656468967713,11,0.735576370918644,3.55651311642686,2,High,Middle Income,1,2,2.0520644571924276,2,0
301,17.73263734169576,6,0.7837239774197323,2.3981340832272977,3,Medium,Middle Income,1,1,0.49659162008696606,2,0
302,18.16741430290631,6,0.5187711414891094,1.8108978994621536,4,Low,Low Income,0,0,4.261725047512073,5,1
303,13.746157194293502,7,0.8676267191311976,3.1652137371641182,1,High,High Income,3,1,0.3918803952232556,3,0
304,15.12754773565853,10,0.7669870281096581,1.6295448258578042,2,Medium,Middle Income,0,0,3.230538068921728,3,0
305,16.578633251431185,10,0.5689385284320148,3.6424726155658984,3,High,Middle Income,2,0,0.3013488589386708,4,0
306,15.432686587770158,6,0.7406380848217357,0.9339246944426363,2,Medium,High Income,1,0,1.307709437556821,4,1
307,16.66036345140434,11,0.745335126385084,2.0670388120184593,4,Medium,High Income,0,0,0.1702058673269722,3,0
308,18.92435603232196,6,0.6271750899256364,2.588114000513338,5,Medium,Middle Income,1,4,0.4345435032094466,4,0
309,15.589693645927362,11,0.8203497282622922,2.1382036268867664,3,High,High Income,0,0,1.2966907716497569,6,0
310,16.425814826788873,11,0.8492127986472129,3.0064310182146867,0,Medium,Low Income,0,1,9.59287073465131,3,0
311,15.733234608585347,10,0.6203561851824223,2.3793505185474415,3,Medium,High Income,0,0,0.005611552103012096,5,1
312,12.0,8,0.6958543292651105,3.7788631708729596,6,Medium,High Income,1,1,0.8022574007766478,2,0
313,14.307807856588228,11,0.7558269608256439,3.1336201438406497,2,Low,Low Income,1,0,0.9667176158599277,2,1
314,15.554715261241991,9,0.8163261297560148,2.8172431157952014,3,Low,High Income,0,3,1.8163938386052136,5,0
315,15.059882853079253,10,0.787220023013244,2.965068408695136,1,Low,Low Income,2,1,1.493190193841362,6,1
316,17.56731288231473,12,0.7635214819082813,1.96059598652925,3,Low,High Income,1,2,8.391610083251635,3,0
317,18.13891728528616,10,0.9032155705038375,2.255806477968809,2,Medium,Middle Income,2,0,0.8627012504106589,7,0
318,14.588597544435782,9,0.8533679820190078,1.4394978224995587,5,High,Low Income,1,0,0.16706607587402902,2,1
319,18.110789525616617,11,0.5081627798510298,1.145515086431072,5,High,High Income,0,2,3.613477382646798,4,1
320,14.92606375285602,7,0.8881651422607462,2.3607141748055573,2,High,High Income,1,1,3.5065201149284,3,0
321,16.580761514718546,7,0.7278163602426755,1.6446144239915303,3,High,Low Income,2,0,1.193814898211174,3,1
322,15.183267599406081,10,0.9375889939857447,4.0,3,High,Low Income,0,4,1.0683207564846995,3,0
323,13.278612177202447,7,0.6334124628328223,2.391625371775874,0,Medium,Low Income,1,2,2.317249569039372,4,0
324,14.408580046992146,10,0.7714066540862927,3.2875903882785034,1,Medium,Low Income,2,1,2.6275288378248143,4,0
325,12.670361863016929,11,0.7190506062682316,2.844235380780817,3,High,Middle Income,2,3,0.8170921575913775,3,0
326,17.59397635493211,7,0.7783227938719371,3.0137976613572715,1,Low,Low Income,3,1,3.289542342722375,2,1
327,18.69536469661755,6,0.7540095443898058,3.1824061775263752,2,Low,Middle Income,2,3,0.11256982859318698,3,0
328,17.795388212107063,11,0.6961001483729403,1.396294630999477,7,Low,High Income,0,1,6.381318009512482,4,1
329,15.363940372122668,7,0.5143804236879065,1.9028010381241822,1,Low,Low Income,1,1,1.5958276525935458,2,1
330,17.386224933084783,9,0.5439085607316109,3.641317036600077,4,High,Low Income,0,1,0.8483637206782141,3,0
331,12.07981939645661,12,0.635626010867733,2.208295726068448,0,High,Low Income,0,1,0.8228398122711192,2,0
332,18.04598303148263,8,0.7844534733941155,2.0681257220540346,1,Low,Middle Income,1,3,2.998013926828215,3,0
333,19.0,6,0.7783651893090852,1.728346170420279,2,Low,Middle Income,1,2,0.506416170327387,4,1
334,17.327488996235974,11,0.7193859813924743,3.5433920504842256,3,Medium,High Income,1,0,1.0501418378791838,3,0
335,14.978045756451586,8,0.6147515336169036,2.7677722480455524,3,Low,High Income,2,1,5.605453791158815,6,0
336,17.66514058766086,9,0.6906417385707967,2.9836988411096015,4,Medium,Middle Income,0,2,6.703554897972875,2,0
337,16.108979634413004,12,0.681091347094687,2.168395822287128,5,Medium,Middle Income,0,1,1.0385157988435225,2,0
338,13.913279289163114,11,0.6832498408760456,3.3906075253415797,5,Low,Low Income,0,0,0.37427126314942616,2,1
339,13.278434436591983,6,0.9017785088933477,2.119222116606119,3,Low,Middle Income,0,0,0.5667802022449595,2,1
340,15.532744157273122,12,0.7587463047749523,2.5170935859112427,3,High,Low Income,2,0,0.2780395764213589,3,1
341,16.042173915760618,7,0.7202156778421722,1.8098093260822248,1,Low,Middle Income,1,0,0.30182531597064105,3,1
342,12.0,12,0.9656551994690634,1.5703250839723837,3,Low,Low Income,0,3,5.250244447397392,4,1
343,19.0,11,0.5217746814026856,2.1839850188105516,5,High,High Income,3,2,2.4311439136882815,6,1
344,15.109130794047495,7,0.6401402204791231,2.2273128432500116,3,Medium,Middle Income,3,1,0.7000725171161014,7,0
345,18.591396519478316,8,0.46605130373422765,3.1517544712415813,4,Medium,High Income,2,0,0.4962535352775268,6,0
346,16.049110397055273,8,0.8369285909716321,2.2932136687471285,2,High,High Income,0,0,0.0412031070879698,4,0
347,18.534073064712857,6,0.8755895874931378,2.9759539204608507,3,High,Low Income,1,0,1.7576597571806647,8,0
348,19.0,9,0.47341229300036103,1.6300508961221105,6,Low,Middle Income,1,1,1.9224328641186974,8,1
349,14.903338771203284,12,0.5178171918837658,2.775425851790814,0,High,Low Income,1,1,3.542176894683842,7,1
350,15.310341459767574,8,0.8195914141807435,1.8321410710010184,6,Medium,Low Income,2,2,0.7758695770842169,3,1
351,17.18683873734495,7,0.8034637522646467,3.3275745731545947,4,High,Low Income,4,1,0.06796314439552895,2,0
352,17.9563106748965,10,0.897169970589937,2.8685797083815157,4,Medium,Middle Income,0,1,0.7501779703977665,5,0
353,16.431160099088117,9,0.830361434759901,2.913306664511742,1,Low,Middle Income,1,1,0.8238262432348644,4,0
354,15.670294994137588,9,0.8564022570619404,3.4950765820096095,4,Medium,Low Income,1,1,3.4679345465955365,4,0
355,13.197649190132516,6,0.5018914893463694,1.9313325166391198,1,Low,Low Income,2,1,5.273490360510822,4,1
356,16.174956559585553,7,0.746486342364368,2.9173697027868384,3,Low,High Income,0,2,2.133921351140786,5,0
357,13.939915162841803,10,0.4106620263396209,1.9048356828600819,1,Low,High Income,1,1,0.5864079126426203,2,1
358,16.003666643510776,8,0.8342743310939699,2.8633495272771725,3,High,Middle Income,1,1,0.389880351669034,7,0
359,18.423698894509506,6,0.8355916818060387,2.6563964488622807,3,Medium,Low Income,0,1,6.158372302558716,3,0
360,16.76757905391433,9,0.5165632984832482,3.263540287527019,3,Medium,High Income,1,1,1.6941146321801883,4,1
361,16.696905236539493,8,0.7034825175653874,1.6991813215320686,3,High,Low Income,2,1,1.1465339588982024,6,1
362,12.896614181276881,11,0.8275763649075282,1.8541241664731918,0,High,Low Income,2,1,0.45451750097153765,6,1
363,16.95850942015341,7,0.7620873553006831,2.7045795607079253,4,High,Low Income,1,2,1.4796338969031733,3,0
364,14.926789467613709,7,0.7869478395950084,3.533194583591244,5,High,High Income,0,2,0.6623701460200371,6,0
365,12.107686679867223,9,0.7540325740902216,1.8240138481707249,0,Medium,Low Income,0,0,0.20857059509776893,4,0
366,18.64531164150398,8,0.909425516038518,1.790852076970397,2,Medium,Low Income,0,2,4.123948795424018,2,0
367,15.48958234777537,9,0.8686990518677387,1.3816895172211618,2,Medium,High Income,0,0,0.28182819435599094,5,0
368,16.079057030542995,6,0.8041567994963451,2.328174040447072,3,Medium,Middle Income,3,2,0.0731983118487629,4,1
369,16.943806924155968,11,0.5948228775626254,1.8482231363630601,2,Medium,Low Income,1,1,0.6970978465932117,4,1
370,18.516961060218264,9,0.7438267163042542,3.6160735814078944,3,Medium,High Income,0,2,2.3322480692232412,5,0
371,14.49015557778283,11,0.5132879770735215,4.0,4,Medium,High Income,3,1,1.9554329880883432,2,0
372,18.916171930442943,7,0.8215879656726033,2.5177077095176927,5,Medium,High Income,2,0,0.017947137955431517,7,0
373,15.910047286829855,9,0.5046452642615893,2.962293915638121,3,Low,Low Income,1,0,0.28587402044365523,3,1
374,14.39059865719486,11,0.862418571134579,3.3693485326114136,4,Medium,Low Income,0,2,2.4437655821646396,3,0
375,16.218909511745252,6,0.6866934458935924,2.0652284819496405,3,Medium,Middle Income,2,0,3.1147617325389074,5,1
376,14.72606778769413,8,0.4254235381850311,2.806492754995857,2,Low,High Income,1,1,0.6483427745884889,6,1
377,15.79395957854066,9,0.8530225439438323,2.712222077029505,2,High,Low Income,1,0,8.827863058175485,2,0
378,19.0,6,0.7380242278045873,2.4138696054314397,1,Medium,Low Income,2,1,4.950494745050299,4,0
379,12.217637476260421,12,0.8196252658897943,3.253776895047548,2,High,Middle Income,1,2,0.22888475737129974,4,0
380,16.1311342353615,12,0.6191639065770629,2.2117545681805844,3,High,High Income,1,4,3.3089113899776907,2,0
381,15.965958084996736,6,0.5753189885588521,2.3201950850247224,6,Low,High Income,0,0,1.2257495911090097,4,1
382,15.368856361135688,7,0.49626788051812504,2.128649931651398,2,Medium,Middle Income,2,4,1.0270312388143512,3,1
383,15.067682984942028,6,0.8345345128882523,1.6050671844408586,0,Medium,High Income,3,2,1.7082302169558192,5,0
384,17.360843332936803,12,0.742681147632395,3.017104544225263,5,High,Middle Income,1,0,4.067447786109252,4,0
385,14.787821154993493,8,0.7971962682492166,2.493619447601439,3,High,High Income,0,2,0.3767456048859326,4,0
386,12.0,6,0.6258199298708753,3.651926247037048,7,High,High Income,1,1,0.27081164541570274,3,1
387,12.980630652758814,8,0.9059532105672111,2.966387621914448,2,High,Low Income,1,0,0.8459149994529237,6,1
388,15.380192154671333,9,0.8827123373400596,2.6224094384403727,6,Low,High Income,0,2,4.4640126220714995,8,0
389,17.810761919141033,12,0.9296432970964392,2.633716104031621,6,Low,High Income,2,1,3.004523297261156,8,0
390,17.108449973646717,10,0.9072062730493824,3.0361573191536504,3,Low,Middle Income,0,0,0.4198964527509725,4,1
391,12.0,10,0.7527191020332981,2.3585287357063294,3,Medium,High Income,0,2,0.2616673059661292,4,0
392,17.10724361687923,9,0.7200649527065394,3.7782934675228383,1,Low,High Income,3,0,6.109815901005513,2,0
393,16.215122148398425,9,0.6811405745029364,1.7182940781068403,4,High,High Income,1,2,0.4387605827539014,5,1
394,14.944294618688872,12,0.9084213432904616,2.6025201641223994,3,High,High Income,0,1,3.5982106341581312,4,0
395,14.979646159178868,8,0.4431793147137326,3.49478433704647,3,Low,Middle Income,1,4,0.820233590059803,4,0
396,17.171595378704396,7,0.7264394347790885,3.2848509405265762,4,Medium,High Income,0,1,0.33579480903328524,2,0
397,16.582895525232455,11,0.809674258475278,1.530038727423276,4,Low,Middle Income,0,0,1.4309433580469268,4,1
398,13.97886711339839,6,0.7739209252437581,2.2375260148394904,6,Medium,Low Income,1,1,0.8132952290459806,3,1
399,13.822074003584591,8,0.7595005633453493,0.620538194722805,4,Low,Low Income,1,1,0.05331023253615933,3,1
400,16.221072981675125,10,0.754847600417253,1.4187397567939468,3,Low,High Income,3,2,4.945904030923062,7,1
401,19.0,6,0.6476196085788967,2.6887550886949882,4,High,Low Income,2,3,5.403445606999052,4,0
402,18.10041602832594,11,0.712525827878757,2.175339326824491,1,High,Low Income,1,2,1.2268305528659862,7,1
403,17.188418465987414,6,0.9617271891650208,3.912413403968466,5,Medium,Low Income,0,1,1.1237793566105785,3,0
404,13.865091375299155,7,0.6273070571190374,1.7905069846769557,2,Low,Middle Income,1,1,3.3196231304248816,8,1
405,14.370415262688152,11,0.9007405134665779,1.917835022549593,1,High,High Income,1,0,0.6078525341632949,6,0
406,17.32207672434862,11,0.5112911025441759,2.7523882157580757,2,Low,Low Income,1,1,3.505875540055387,5,1
407,17.599523837858346,12,0.8238501470425739,2.66154456633903,3,Medium,High Income,2,0,9.437225087718675,8,0
408,14.382013766662176,8,0.7664488164540845,1.7194773620835702,0,High,Low Income,2,1,0.25132714706016546,7,1
409,15.663890278033662,7,0.16692692278376037,2.0182034380903,1,Medium,Middle Income,2,3,0.006003061869925342,4,1
410,14.323258919254508,11,0.8812669812991153,1.6275264475904443,1,High,Middle Income,0,1,4.101396801012752,2,0
411,14.839833965845408,7,0.5575860290778727,1.3923148495703566,4,Medium,Low Income,0,1,1.4634473170349882,6,1
412,18.011079619080927,6,0.9661610380733747,2.4799621199347563,1,Low,Low Income,0,2,0.5152309540563659,3,1
413,15.43308188066509,12,0.8437225613720734,2.9440261161744883,3,Low,Low Income,1,1,3.777624085062249,3,0
414,14.140779331882815,12,0.6126908996645017,2.8096650100234597,2,Medium,Low Income,1,0,0.15665219985668347,6,0
415,13.029922456022849,10,0.8196826693456141,2.7419745894362304,4,Low,Low Income,2,0,1.9027550716399468,2,1
416,15.706009207004715,10,0.7817865838706134,2.4091906698754095,0,Low,High Income,2,0,0.2622291551934379,6,1
417,15.38035322808399,10,0.8217432214652807,2.0510215625147445,2,Medium,Middle Income,1,0,7.187742949433094,5,0
418,18.889358489206458,6,0.8041177899410562,3.389585394448069,9,Medium,Middle Income,0,3,0.975902968710413,4,0
419,14.294414838587276,10,0.8997697821557185,0.997354645208653,2,High,High Income,0,1,0.9291362316447845,8,0
420,14.084493657164463,10,0.9577901449685742,2.820383388382231,3,Medium,High Income,0,0,2.6768727280284796,6,0
421,17.25328358332034,7,0.366435168444028,1.85028933354244,3,Medium,Middle Income,0,1,1.9268112904806656,4,1
422,16.435874976194466,6,0.49205383847162953,3.6141598288226304,2,Medium,Low Income,0,1,2.561756750854241,2,0
423,15.988121187491064,9,0.9224535544652264,2.461339869421922,5,High,High Income,0,1,1.5271063392163824,7,0
424,16.322025237800066,6,0.6692116906854019,2.3483347999951873,3,Medium,Middle Income,0,0,1.3618061167150208,2,1
425,15.07603577438117,6,0.8985068814494692,1.7211026566235774,0,Low,Low Income,0,5,3.8408719466246715,7,0
426,16.15228384937278,10,0.5839019561554016,3.4779064343601016,3,High,Middle Income,1,1,1.4713237843167781,4,0
427,17.526456637406735,10,0.5047381244575344,2.7181938833838153,4,Medium,High Income,0,1,3.6773873772285692,2,1
428,13.756552613526159,8,0.9237781866361132,2.5187743312950843,6,High,Middle Income,0,3,1.695213576679659,3,0
429,17.7745010193571,6,0.8442967424527944,2.055402639142379,1,Low,Middle Income,1,2,0.5829897181301297,5,1
430,18.136524569897745,8,0.9206433909809922,3.5139186895069283,4,Medium,Middle Income,1,2,1.478996818531849,5,0
431,14.960453651123713,9,0.9296450847325092,2.630563415303568,2,High,Middle Income,1,2,0.6232922670565075,6,0
432,19.0,9,0.5585831105816514,2.4395896972750717,6,Medium,Low Income,1,1,1.1094771110595185,4,1
433,19.0,6,0.8936046741979935,2.0976506437180538,2,Low,High Income,1,1,0.19958223195278305,4,1
434,12.593444053014387,11,0.656540192659565,3.1989059859203426,2,High,High Income,1,1,3.3864458820833088,2,0
435,18.039356166297573,6,0.5863512327662544,1.8429873763725249,6,Medium,Low Income,0,0,2.2788099704838864,5,1
436,17.504274741831598,7,0.54653811492887,3.1587840657593196,1,High,High Income,0,2,1.7103698846224735,2,0
437,13.835378462149155,12,0.438778826133818,1.1159652502154442,1,High,High Income,1,1,3.346316760882687,4,1
438,17.02990313158764,11,0.7408556767439529,2.1059170266166425,5,Medium,Low Income,4,0,0.8160980501437995,3,1
439,15.058956874492573,10,0.46033781223701276,2.051841160236153,4,Medium,Middle Income,0,0,1.0955177685997648,5,1
440,17.791641763001845,10,0.6492088184796463,1.1541642020734706,4,Medium,Middle Income,3,1,1.9585484276975162,5,1
441,14.057631100514103,11,0.6266257193836875,2.177714620132664,4,High,Low Income,0,2,1.5945910703672135,4,0
442,14.020746938649674,12,0.5826514443189647,2.59743511276343,3,Low,Low Income,1,0,0.35169160980468517,2,1
443,19.0,11,0.6922611576579228,2.119427075587597,5,Medium,Low Income,1,1,1.8669644467352042,3,1
444,16.07769107798653,10,0.5251911054872418,3.449098064741241,4,Medium,Middle Income,2,0,1.7150669832799368,3,1
445,17.552060587218275,7,0.5137298844754614,2.67413270791822,1,Low,Low Income,2,1,1.5219512559602617,3,1
446,17.97638476596027,8,0.7510217838871859,3.702285935322079,2,High,Middle Income,0,1,5.600458612648488,4,0
447,15.736288427873742,6,0.7788033068270205,3.088958229590129,5,High,High Income,1,0,1.6291696927741046,2,0
448,15.165073636458589,8,0.7520382939131312,2.074327580906951,6,Low,Low Income,1,2,1.6403075445582675,2,1
449,17.022537565410794,11,0.30743681277322504,4.0,5,High,High Income,0,0,0.4355981714071404,3,0
450,19.0,6,0.5229743606450595,1.7012899043791943,3,Medium,Low Income,0,0,2.2961432198681546,5,1
451,16.31725503315079,9,0.6821153366100003,3.69610641254495,1,High,Middle Income,1,2,0.15175041212836926,3,0
452,16.85699043875762,6,0.47306694884444855,2.1107899021622902,1,Medium,High Income,1,0,0.8256145059873758,7,1
453,15.63568808565688,9,0.9925779915927766,3.34874991292081,1,High,High Income,0,0,0.002434070061460748,2,0
454,16.696390013372685,11,0.7034558310588359,3.1572596977335636,1,Medium,Middle Income,1,1,3.4451573998198386,6,0
455,15.005538006323368,9,0.8749667343267343,2.5344038694971536,1,High,Low Income,2,0,0.43551405420809824,5,0
456,16.74105226711407,8,0.5294255270557164,2.737983219241515,3,High,High Income,0,0,2.2920987451157644,2,0
457,17.98470414075516,6,0.67458012793511,3.273949150952083,4,High,High Income,0,2,3.4887152953005556,4,0
458,18.883994261954314,10,0.8663588363465355,3.5404296739276537,2,Low,High Income,0,3,3.5539021341519756,2,0
459,17.894341109401932,7,0.7220590644104528,2.0482010087246767,4,Medium,Low Income,1,1,4.494682895676616,8,1
460,16.932829322083347,7,0.8067178716887013,1.6700504450579163,0,Medium,High Income,2,0,0.35716333498030234,3,1
461,19.0,10,0.7946588252532685,3.390736160130203,3,Medium,Low Income,2,2,4.399734390353486,6,0
462,15.891541395179818,8,0.9760302101418713,3.077644414678443,1,Low,Low Income,2,3,0.6667300258551341,3,0
463,15.65984472888867,8,0.9648572843396802,3.0944289241790264,3,Low,Middle Income,0,0,0.9074535098553457,3,0
464,12.357712146707168,7,0.7008425319032969,3.191411955586988,4,Low,Middle Income,1,1,1.1548728485717674,4,1
465,16.66488863695496,7,0.860698181794395,3.9378674405392875,4,Low,Middle Income,2,0,1.1857819986422355,6,0
466,17.363332518903277,12,0.9081122786391294,2.266015305189061,2,Medium,High Income,1,0,0.500156172945505,3,1
467,18.253779439941468,10,0.5508667584756077,2.6275189417043703,1,Low,Middle Income,1,1,3.1960892181691327,2,1
468,15.794834887410884,7,0.46486763152895033,2.538689996798374,4,Low,High Income,2,1,0.13124859027715102,3,1
469,19.0,10,0.7166144549002301,2.165479673091891,2,Medium,High Income,0,1,0.7672718931966336,2,0
470,17.789131003569743,10,0.7374477434109638,3.431658873841941,5,Low,Low Income,0,0,2.9040109749353173,2,0
471,13.888028399660236,7,0.8698411917767059,2.0951525648517535,2,High,Middle Income,1,0,1.3821781537716566,4,1
472,16.80588594353195,9,0.48614408248856805,2.2149112715997537,3,High,Middle Income,0,0,1.8593821716137582,5,1
473,15.990169271881134,11,0.6814953379610731,2.446598805918379,2,High,Middle Income,0,1,0.9878615495330768,3,0
474,18.690860512999574,9,0.49743606936246526,2.5619549908586055,5,Low,Low Income,3,1,1.0764000488941972,6,1
475,16.11223666980161,6,0.6633616199691155,2.3006134650724155,1,Medium,High Income,1,4,0.36035378220121045,2,0
476,14.350789753520345,9,0.9279500818175255,2.7478412693249905,4,Low,Middle Income,3,4,4.947671711345502,6,0
477,16.651934315257247,12,0.894345082026386,2.4865908789165765,5,Medium,Low Income,0,2,0.93499682407604,3,0
478,14.932882683753371,12,0.715234729926032,3.5632945484184857,4,High,Low Income,1,0,2.641876094464768,7,1
479,12.51380447235458,8,0.44420769746962496,1.1252904519701918,3,Low,Middle Income,1,2,1.8879971606966506,6,1
480,14.327181781980393,12,0.7734782086908635,0.660406912212232,3,Medium,High Income,4,4,1.3580553534096733,4,1
481,16.318998337475833,10,0.6646358147929904,2.2046949490249905,2,Low,Low Income,0,1,3.395378012836978,2,1
482,14.924048056850916,12,0.665792948315089,3.262205602866173,3,High,Low Income,1,2,0.23317623484399216,2,0
483,18.622028730113815,11,0.8543939327347081,2.0647329198274105,3,Low,Low Income,0,2,1.045809842118627,2,1
484,13.36995313200221,8,0.6451745441830072,1.1171865178998295,0,High,High Income,0,0,2.7461981272376215,3,1
485,14.464919942457012,10,0.9520048503232085,2.789314619086062,5,Medium,Low Income,3,3,4.632969370858549,2,0
486,14.010320763655496,12,0.7247440802304408,2.4403582603975087,2,Medium,High Income,0,0,2.6292790680368556,6,0
487,16.34277200562368,12,0.8562812554448618,1.6780153219290104,3,High,Low Income,2,0,3.6532761672037135,7,1
488,18.773310855695616,11,0.7132875812197673,2.3947439787907485,3,Medium,Middle Income,1,1,4.236677050548357,4,0
489,16.0459586031683,8,0.8349342434245777,2.998929487821691,5,High,Middle Income,1,0,1.1651007851898774,3,1
490,15.61533227797879,11,0.87762785924384,0.5163406733874552,7,High,High Income,1,0,0.6158213706214158,6,1
491,18.51355216693569,10,0.7858854857138496,2.1959528882012926,2,High,Middle Income,0,1,6.1402227058083785,3,0
492,19.0,10,0.845645117835389,2.1085587545721602,4,Medium,Middle Income,1,1,0.06846924869961107,6,1
493,16.799099291339168,12,0.8910336238194665,3.4473324643479124,1,Medium,High Income,1,0,0.13538805640876922,2,0
494,12.137810133197277,7,0.6151523631948203,3.0939370563924724,2,Low,Middle Income,0,1,1.0412134459898847,5,1
495,13.492557855857495,11,0.747196991433767,2.7197785584297463,2,High,Middle Income,0,4,0.6125705587958766,3,0
496,17.099600068113514,8,0.7788960572711949,2.4249015830182747,5,High,Low Income,1,0,3.6932030236598705,4,0
497,16.759960069217918,6,0.5512899639244716,2.4767672303729933,6,High,High Income,0,1,0.3615097245242523,4,1
498,12.0,7,0.7461677668267562,1.8531917814405525,4,Low,Middle Income,0,2,1.6244658790409163,6,1
499,17.03842204311815,8,0.7935768794725843,2.1901650089491107,1,High,Low Income,1,0,0.07590012026650605,2,1
500,17.290093486867644,8,0.8367399643658501,4.0,4,Medium,High Income,1,1,0.12457757868880132,5,0
501,13.316963450953423,6,0.9073715370180656,2.6967814382899657,1,Medium,High Income,1,0,1.21262757794337,4,0
502,19.0,8,0.6685006051007383,1.3198533146638614,1,High,High Income,1,2,0.08366568963399378,5,0
503,16.355323499952576,12,0.7303642731157642,0.8840242287675084,3,Medium,Middle Income,2,1,0.8439929566690942,8,1
504,17.127619585519437,12,0.8987739756369478,2.17861455027791,3,Low,High Income,1,3,0.5532322549431635,3,0
505,14.916297521763397,6,0.7570734820501324,2.4927981191519213,2,Medium,Middle Income,1,2,4.779838657288303,5,0
506,19.0,9,0.7924759078400078,3.5425301528227022,6,High,Middle Income,0,2,0.010762278135673937,3,0
507,19.0,6,0.8251804842682733,3.659953237829683,3,High,High Income,0,1,0.898986298280756,5,0
508,16.40539690925289,9,0.7959140186720524,3.2008825900513456,2,Medium,High Income,1,1,2.07432845066953,4,0
509,19.0,12,0.8687054227043453,3.0278507935851935,4,High,Middle Income,2,0,3.4737466037835385,4,0
510,13.810027732839847,10,0.8220275751312648,2.6764247725636885,4,Low,Low Income,1,2,0.5985098140431703,2,1
511,16.15324683038179,6,0.7526716684128285,2.7191469567975792,3,High,Middle Income,2,0,0.15950833603805903,3,0
512,14.168244375285099,12,0.7516875488667198,3.693294623766897,0,High,Middle Income,1,1,0.5122608786694705,5,0
513,15.704074494796547,6,0.40104103228647886,1.7713501775188458,4,Medium,Middle Income,1,2,0.5068227699246192,6,1
514,14.212905977712703,6,0.7545469190096722,1.752252287409814,1,Low,High Income,0,2,5.062752948739777,2,0
515,15.458575835555058,10,0.4928718461416008,2.3405439590922077,2,Low,Middle Income,1,2,1.5326797352864412,8,1
516,17.36538708590015,9,0.4391202629431944,2.7359444645874342,6,Low,High Income,2,1,0.8219076911308436,4,1
517,12.772544046734208,9,0.8244430292519634,3.228941436638904,2,High,Middle Income,1,1,4.493563194945125,3,0
518,13.537995061844013,12,0.626984908580588,2.854410488908036,5,Low,Middle Income,2,2,2.717748670410733,7,1
519,15.231524276791424,6,0.9105256908030044,3.165916227106791,6,Low,Low Income,3,3,0.8024726618670538,2,0
520,17.272866447116364,8,0.8319616133955953,2.4645979839029275,3,High,High Income,2,0,2.2389468159459156,4,0
521,19.0,11,0.7501821014189863,2.229339283931009,2,High,Middle Income,1,2,1.6241152466471243,3,0
522,15.280410820055138,6,0.48519130618853146,2.7353411823127347,3,Medium,Middle Income,1,2,2.796920077885209,2,0
523,15.920455009526071,10,0.8208226263024676,1.6466472257545495,4,Medium,High Income,1,0,2.6547729733897993,6,1
524,15.10664152150743,11,0.858284647669704,0.846519219919154,1,High,Middle Income,0,2,2.1813158703760527,5,1
525,14.82023824328663,6,0.6256812985590604,3.369982560536613,1,Low,Low Income,3,0,1.9057344974703159,6,1
526,16.31221667827843,10,0.8409942372568623,2.5742328054534416,2,High,Low Income,1,0,0.4993744060103937,2,1
527,15.082059554775403,6,0.6728184234092776,1.6822423656465322,1,Low,Low Income,0,0,2.6439391340106178,2,1
528,17.605938761942383,6,0.8123646148862038,1.2942126530827442,0,Medium,Low Income,1,2,2.7264807562843583,2,0
529,15.61608942627039,7,0.6879379571447676,2.6965927149049915,0,Low,High Income,0,0,2.7930322730708492,5,0
530,17.24573781994335,7,0.6142201005044503,3.250172480375907,1,High,High Income,0,1,2.6979849678117094,2,0
531,18.18087148781079,12,0.8553156647565217,3.081989438739409,5,Medium,Middle Income,0,0,1.4860559426033741,2,0
532,17.512498554273616,11,0.5936360209643188,1.2754846554208994,2,High,High Income,1,2,0.2973743607075818,5,1
533,14.53660137365556,11,0.8445224145891852,3.3977714758727813,7,Medium,Low Income,0,1,2.706240384646203,5,0
534,16.91525864513781,9,0.7256982937780898,2.249569616267533,3,High,Low Income,1,0,2.5403637497539737,4,1
535,17.43699980020317,12,0.9168044885349113,0.9736505798696948,2,High,Low Income,2,1,0.7397694260876982,4,1
536,15.631687639433116,8,0.844079414792882,2.9367319513506303,2,Medium,Low Income,0,0,3.3960856942756554,7,0
537,19.0,8,0.6359806587824681,1.2491926816464316,1,Low,Middle Income,0,3,0.9161268173345406,4,1
538,15.72670556641365,12,0.6296458732829305,3.1000585399628364,4,High,Middle Income,0,0,1.2434232059333865,3,0
539,14.98122957762451,9,0.779283788645624,2.5816589509571743,2,Medium,High Income,0,0,4.779423550813665,2,0
540,14.784396822571845,10,0.6598816293499721,1.7107912808129642,1,High,High Income,1,0,1.7866352641348149,2,1
541,16.59259252065871,8,0.6431039718008557,3.3272017559481495,5,Low,Middle Income,0,0,6.688125630176782,3,0
542,17.478221534787846,7,0.902268586155089,3.3492966486770768,5,Medium,Low Income,2,0,0.11217688765815949,3,1
543,15.617449370229096,9,0.7528587366442134,1.8526418275009355,2,Low,High Income,0,0,1.5939338641888303,5,1
544,18.106327480024817,8,0.8026606536199155,2.5113734526407367,3,High,High Income,0,5,1.2521546115773174,7,0
545,19.0,7,0.8658579298531606,1.9455475906754311,1,Medium,Low Income,0,3,4.798799571063944,3,0
546,14.398731289616476,10,0.7900228286339014,2.0609982095395765,7,Low,Low Income,2,0,0.43929046619295165,6,1
547,17.404632931198503,6,0.8860911700666002,2.829090431592324,0,Medium,High Income,1,1,0.6271661803726392,4,0
548,18.864491173796548,8,0.8870845239098196,1.879771350874139,6,High,High Income,2,1,0.3012769841758298,3,1
549,14.922194488186403,11,0.8087988390588815,2.603598278158755,2,Low,Middle Income,0,2,3.296003326609208,3,0
550,13.551398942545765,11,0.6019789276592745,1.2366713241583447,4,High,Middle Income,1,1,0.6763640458447296,2,1
551,17.217008536480638,12,0.7212443539035678,1.8692594745556925,4,Medium,Middle Income,4,1,0.5459470715224156,8,1
552,16.852678184452106,12,0.7043694409814992,2.9277131791353357,2,Low,Middle Income,0,0,1.7185065550779577,4,1
553,14.692636567206513,8,0.7188476839483315,4.0,3,Medium,Middle Income,0,1,1.2717188086759457,3,0
554,17.094043804268125,12,0.9523137326400786,2.2699154170809184,1,Low,Middle Income,2,2,0.27465016140681564,3,0
555,16.726431632207216,12,0.635076054310615,1.6615114727997484,6,Medium,High Income,1,0,0.2475283101560783,3,1
556,15.701640850494405,12,0.6901482462056445,2.811575302146296,2,High,High Income,0,0,3.8388763755990425,5,0
557,17.210074487657945,12,0.6938022296045442,1.8806343980863585,3,Medium,Low Income,1,1,5.273570839815115,5,0
558,15.469465177709758,12,0.6965840475105539,2.0680122872795295,4,Medium,Middle Income,1,1,3.661544902293367,3,0
559,17.16145761144875,10,0.27126100213953724,2.3451749915704583,1,Medium,Low Income,2,2,0.34123311052718613,5,1
560,12.0,10,0.8027389893492697,3.6257706307756603,3,Medium,Middle Income,1,0,0.555956284006956,5,0
561,15.118056162213385,12,0.5291966428670285,3.162130086563931,0,Medium,Low Income,6,0,3.360682650239837,4,1
562,16.147618552834004,11,0.7776807368719609,2.2997072732591732,3,Medium,Middle Income,0,2,3.563479191646539,4,0
563,13.729618255484478,8,0.71695111881486,2.9275671873543985,6,High,Low Income,0,2,1.2611441121617253,3,0
564,15.510406121948542,10,0.6515131405548592,2.676969421994401,1,Low,Low Income,2,2,3.0335727723456265,4,1
565,14.794244027849158,8,0.8575359586274932,1.363717369198704,3,Medium,Low Income,0,0,6.810216586581897,3,1
566,16.099789976371945,6,0.39990970282713684,3.097677394685707,2,Low,Middle Income,0,0,1.0018119442978803,3,1
567,13.404441768244315,11,0.8112592231168966,1.6383091282099354,5,Medium,High Income,0,2,0.4708127982864795,4,1
568,13.377300824503083,7,0.8059243962301164,2.470252064654172,6,Low,Low Income,1,0,1.5326499920575043,2,1
569,13.761313180845562,10,0.7332955339083618,2.7665997989761784,5,Medium,Low Income,2,3,1.6854155485870155,4,1
570,13.988169173623053,10,0.5635068318891026,2.2520097961133887,3,High,High Income,1,0,2.2450474211291,4,1
571,13.72285286463336,8,0.7904747636585813,3.0717363885670546,1,Medium,High Income,0,1,3.486091883802455,6,0
572,15.833867994837728,7,0.8818751930122214,3.213487619601073,5,Low,Low Income,0,0,0.011696613788883356,5,1
573,19.0,6,0.4978596350725908,2.2843529555179867,2,Medium,Middle Income,0,1,2.23782772945717,4,0
574,17.71392277460959,10,0.7333041577006609,2.9759467044645485,5,Medium,Middle Income,1,3,0.770187390504539,3,0
575,12.78488579374481,11,0.62713542544542,2.4214220323490885,2,Low,Low Income,0,1,1.321910490839706,5,1
576,18.52127656139201,6,0.548396346211427,2.0724506205943536,4,Medium,Low Income,0,0,0.059123520006462496,4,1
577,17.328638520688504,10,0.5546024275374865,2.4097384144853633,3,High,High Income,1,1,6.986474773275833,4,0
578,15.769693282379471,6,0.6917214821234069,2.6945593499574443,2,Low,Middle Income,0,1,0.9424056863258329,4,1
579,13.772963692420703,6,0.7626087053113019,2.589894993707733,7,Low,High Income,1,0,1.1695199362174373,5,1
580,19.0,8,0.7257999416582862,0.8888529338239539,2,Low,Low Income,0,0,2.244208588941323,5,1
581,14.05955034027304,7,0.6875669162864013,2.957633553908514,5,High,Middle Income,1,0,0.19120990829105095,3,0
582,15.333858237297902,12,0.6941612368853206,2.624991877226246,3,High,Middle Income,2,1,2.153153521718482,5,1
583,19.0,10,0.5277669751856046,2.8979443908779157,1,High,High Income,2,2,1.05347394714011,6,0
584,16.637883502348462,8,0.33233141946515277,1.455030458146217,0,Medium,Low Income,0,0,5.451366321722318,3,1
585,17.455866368149838,9,0.8631408486349095,1.8110051813238184,5,Medium,Middle Income,1,1,0.9153129489572422,2,1
586,16.003101610420117,9,0.7101266941094252,3.6711878058462135,3,High,Middle Income,3,1,3.024072388045757,8,0
587,15.69345580009291,7,0.8895091368992206,3.060747589647775,6,Medium,Middle Income,3,1,0.3383094925377839,4,0
588,16.258801519521572,9,0.4646127647944461,1.3612818431757856,1,High,Low Income,1,1,0.09451220808186514,4,1
589,18.68286308525801,10,0.755895650100127,1.4466076491372386,4,High,High Income,2,1,0.03605600333428544,8,1
590,16.08372887255329,7,0.9076241563993005,1.199857409630986,1,High,Low Income,1,1,1.914812410122692,5,0
591,17.33177493146026,11,0.9326445979377943,3.1228788309564735,1,High,High Income,1,1,1.1370760125338912,3,0
592,13.445530486736821,9,0.7930764717846693,3.540608837394513,3,High,Middle Income,0,0,8.91253343682819,4,0
593,17.06354961527638,10,0.8602669259157689,2.2907331616932414,3,Medium,High Income,1,1,0.21177233865945536,2,0
594,16.734044527533396,6,0.8996125635702289,2.8402837158735132,2,Low,Middle Income,1,0,3.675308308322185,3,0
595,16.272110765127,9,0.3395061087583836,2.0395170135366985,5,Low,Low Income,0,0,0.28028852940935794,6,1
596,18.413710466091754,11,0.806178842344064,2.89281062188925,2,Medium,Middle Income,4,1,0.6076441953998046,2,0
597,19.0,12,0.7281672950752837,2.6423256122435825,4,Low,High Income,2,1,2.215919881860545,2,1
598,18.13270858502681,8,0.8315022495307506,2.2327092920223732,5,High,High Income,1,0,0.2209346619396427,2,0
599,16.34223856840414,10,0.5103126863939161,0.7655275714237044,5,Low,Middle Income,0,2,0.9319873960929292,4,1
600,16.501596304380033,6,0.8527578074617893,2.1440273315186165,5,Medium,Middle Income,0,0,4.015647533956523,3,0
