donor_id,last_donation_amount,donation_frequency,years_since_first,email_opens,age,region,donated_again
1,46.92680899768591,5,0.0801134324421848,4,18.996446573678195,North,0
2,301.0121430917521,4,7.569355945842468,6,18.0,North,1
3,131.67456935454493,2,0.5550772370288581,8,54.37010030548419,West,1
4,91.29425537759532,5,2.1771895211593257,8,18.818390551185942,South,1
5,16.962487046234628,8,3.6539407060259395,10,51.0894824877453,South,1
6,16.959629191460518,1,1.599952923035993,7,37.492547252328215,South,0
7,5.983876860868068,2,0.33245040221713373,8,59.09293458245128,West,0
8,201.12308644799396,2,2.604762765559322,8,19.148933689292107,East,0
9,91.90821536272645,1,1.833838909455822,13,53.97376220522049,North,0
10,123.12500617045903,3,2.627951784926269,8,49.97399931418592,East,1
11,2.0799307999138623,4,2.9371498733338646,6,50.437743379226504,North,1
12,350.3557475158312,1,7.4108607509569575,9,61.85848300337008,North,1
13,178.6429543354675,7,1.704582587156467,6,46.05430600633701,East,1
14,23.8687625248947,6,0.8360101498043558,7,18.0,South,1
15,20.067898874966335,2,2.0908894779211513,6,51.736621360355805,West,0
16,20.261142283225706,2,0.14179088025243025,12,49.79508918864077,East,1
17,36.27537294604771,1,4.553782418741062,4,41.33062375438087,South,0
18,74.39278308608544,0,0.25426044514091534,7,32.37340638481686,North,0
19,56.55370667803366,4,0.7945261872182059,6,39.58621015510074,South,1
20,34.42229925539415,3,3.3828733539966342,10,66.87089664973655,North,1
21,94.63708738997987,4,1.8191882998802513,3,31.20138233139149,North,0
22,15.023452872733866,5,1.0005480440500165,7,18.893827889159223,South,0
23,34.551551200240226,1,1.282763500917089,6,22.976059695569294,North,0
24,45.6277218220847,1,3.8558099438128934,7,44.470561242169794,West,0
25,60.893468785977504,2,0.8310441790580774,5,70.06275794165491,South,0
26,153.7936011030912,6,4.075059441187644,10,78.07276083117227,East,1
27,22.273586212869027,3,0.18452540431865655,8,54.75347264174319,North,0
28,72.20291550331277,3,2.9993600934920934,6,30.281310770989954,North,1
29,89.75047213097605,2,3.761806159250693,7,31.87362366937467,West,1
30,4.756384975640855,6,0.4013400978604373,6,58.137559931485555,West,1
31,93.533302064961,1,1.1254541091223675,14,64.97453144951758,East,1
32,18.696125197741644,3,0.3618445317094126,9,35.37004508319997,North,0
33,6.726393087930424,1,2.4524649725810823,7,66.3667574236091,East,0
34,297.3687793506931,2,1.5329320830147914,8,41.55659740494419,East,1
35,337.06303424611724,4,2.0174883988342467,8,55.71425964152063,North,1
36,165.23315728128767,5,0.43752374719074555,12,62.1820047983901,East,0
37,36.32878599687583,8,0.47586946206738917,10,22.773482265396257,East,1
38,10.277731500250624,2,0.0847658524266528,11,51.771581498002135,West,0
39,115.27507630986618,2,0.7774152108726404,9,66.42963816021833,West,0
40,58.009084258539836,4,1.640800810473627,5,36.59002469459008,East,0
41,13.015223395444863,0,3.9029399485212806,6,29.151278466341488,North,0
42,68.35472281341501,4,2.198789874467311,8,52.421781529951474,West,1
43,3.4993721443479084,3,1.1432625026334031,6,47.00164918565971,East,1
44,240.04228873930236,6,6.1203331477286955,10,40.0904395308843,South,1
45,29.94577768406861,2,2.5405471809986166,10,44.96680935060366,South,1
46,108.62557985649804,2,5.323245734224551,7,19.945589913662236,East,1
47,37.354658165762366,3,1.4998074724053108,8,51.06712984275811,South,0
48,73.41108959092286,6,0.5992509564292686,12,68.8889678301053,West,1
49,79.12237979817975,0,0.10854637839706188,8,34.27986315323892,North,0
50,20.438859950790576,4,2.5898737950044683,8,32.57374604324535,East,1
51,349.28071327362267,4,0.25863029670177057,12,47.58842615986326,West,1
52,149.22453771381407,3,0.7212945844751538,5,87.68816175433506,North,0
53,280.50944192915824,4,1.5205874061283877,6,61.49824910330204,South,1
54,225.21519975341965,4,1.6621379379017116,9,43.58737822906052,South,1
55,91.1054412383275,4,1.8354995764944992,8,45.593982270782064,South,1
56,254.9435379269405,1,0.3636561499915391,13,62.982703134251224,South,1
57,9.265545895311563,5,0.9552247000015246,5,31.3593712870638,West,0
58,21.813469463126744,6,1.9204550776807392,8,54.176139099966065,West,1
59,4.628196568683196,0,7.001076413056926,4,28.238174866587165,North,0
60,39.35320868030868,4,2.6011960399530594,3,58.87372003827815,East,0
61,49.21302917942186,2,5.1176340816604515,13,40.590684116786754,North,1
62,31.65604432088257,2,2.872752007616703,6,48.01041187864387,East,0
63,176.45578652409338,3,1.7915892827681374,7,39.616858726978,South,1
64,44.12269995298701,1,0.42644428615548546,10,55.480300640299724,South,0
65,32.98028401342492,1,2.19733849193537,7,42.37977125115756,South,0
66,78.2407083207746,5,1.9530348099273842,8,77.36957529042388,South,1
67,15.189814782062886,0,1.8449655785943824,8,66.28301384703317,West,0
68,162.04835957747312,2,1.3458495493867908,7,25.435670065458833,North,0
69,7.747586881130901,3,1.504336744070725,8,47.87184204224902,East,0
70,433.41463395873194,2,0.8142605688443645,8,56.02732847983877,East,0
71,147.94837762415114,2,1.4650766178581305,9,38.12761007110179,West,1
72,22.153944050588596,1,0.4401861816030011,6,63.18715055943014,South,0
73,0.5537420375935475,1,3.271300932043419,8,61.419762238654094,North,1
74,168.9896777486126,3,0.4110418781744449,11,43.74656170210706,South,1
75,122.70959073870446,1,0.17758874546879264,12,59.718238261100744,West,1
76,130.5662908787999,2,1.1462746791993639,7,18.0,East,0
77,147.52145260435134,0,2.1476877842757744,9,65.36382313915263,West,1
78,7.692926551379635,1,1.1514993715268136,6,58.29763203113288,East,0
79,44.38926724162325,7,0.6480120963509531,9,28.68483457903113,North,1
80,12.315010460444965,6,1.63366553158371,5,48.77820540139283,East,0
81,198.85295716582226,1,0.8523634522946468,13,18.0,North,1
82,97.63011917123741,1,5.402179665330414,12,33.54864550715655,South,1
83,40.1818801251301,4,5.118703735051414,8,61.434590071236194,South,1
84,6.566806580478289,5,1.3958042145436331,8,44.80745762392273,West,1
85,37.24883504103537,5,0.7946486508169145,5,43.97695541214672,North,1
86,39.331421318413135,0,2.6722096974216583,9,45.67839285969837,South,1
87,130.7875783957741,5,0.07480765183071454,3,43.928555306437424,North,1
88,101.488935892602,3,1.2878342493375636,8,59.81234575453091,South,1
89,218.22519124015147,7,0.8199205754235015,10,35.71515578328205,South,1
90,63.90661333763098,3,5.064899488328987,8,51.29019110492017,East,1
91,12.73723936155019,3,0.02415129056028017,13,27.830735026851077,West,1
92,124.91263443165994,3,1.6095652436463972,3,56.11648842400067,East,0
93,143.0392753076864,4,2.6992582906839346,9,40.17943347221713,North,1
94,82.38874948858287,4,1.3272466123190378,4,44.385187007330785,South,0
95,147.38899667213644,3,0.17854356173053743,12,39.56743591712321,West,1
96,68.0814731510278,3,7.184332520018512,8,41.465198992271965,South,0
97,73.9678838777267,3,1.4596656140496989,6,29.929106585318173,South,0
98,55.781419390842736,2,1.9048010483856337,8,49.93875093239001,East,0
99,2.574777399011373,4,0.5399719068159187,8,53.31996146053239,North,0
100,11.416743519186584,1,1.3213525659769436,7,25.040397692309682,West,0
101,3.1933681293053824,0,1.121255821772323,9,36.05400141030289,West,0
102,101.17295509275495,7,0.15569788913576454,9,45.45020763924937,West,1
103,37.73967087950999,1,0.22445777256177626,6,36.02027792700996,North,0
104,71.04371771341901,1,3.63381636294305,5,41.65767578719913,West,0
105,238.12655298459754,1,0.5483999375359758,7,69.24152610735023,North,1
106,28.673882298329833,3,0.4337223325187647,8,29.72755821811362,West,1
107,52.82819748826726,1,1.4060372920966986,8,18.0,South,0
108,140.87491475385835,3,2.92848699549536,7,36.01890281540528,North,1
109,25.980515691739402,6,0.1278966303219529,8,40.07760472530462,East,0
110,8.010427855017637,1,1.719858224628267,5,37.650150766780776,West,0
111,34.21403038870571,2,0.25387309945995734,12,49.03216795773063,East,0
112,17.580835850006284,3,0.07428473453950273,7,29.57877360235243,North,0
113,265.4950085880625,3,0.10837168895391924,10,27.370798251056172,South,1
114,165.08870804845694,7,3.593513166563624,5,34.88269238428842,East,0
115,100.34941905205311,5,0.25106405152274686,8,35.19226895281261,East,1
116,205.1519730520813,2,0.09240489566028914,6,76.81261421923678,South,1
117,162.79689407405564,1,1.1521506163930602,6,68.28671321892469,South,1
118,20.649547635863907,7,3.7157148521653185,11,19.95709576057846,North,1
119,223.0813405235561,5,0.6087299264319618,10,18.0,West,1
120,77.5099901966172,3,1.0953686647224408,9,43.713705785692994,East,0
121,164.73482913035662,2,0.08148260505969776,9,73.6739251800654,East,0
122,226.42426492862313,3,1.192325947750277,9,54.99134612739731,North,1
123,38.27307164183185,2,1.7236670289740847,5,44.50671451195809,West,0
124,11.659216012385084,4,1.6921634512012989,11,38.15888590932554,North,0
125,25.868674613938136,3,0.8082121405602336,7,61.15743714661207,East,0
126,55.70576927486144,3,0.7582302194710838,6,47.66984069404956,East,0
127,170.3829726638945,6,0.22549461509759477,5,70.97637574770528,South,1
128,197.13449718798333,1,0.9139325976185806,10,19.68442706361277,South,1
129,0.6976409181650647,4,0.20959838839631748,8,51.354686827997824,West,0
130,71.48761593385558,2,2.909968368878739,10,36.550534986811755,East,1
131,54.02733209186713,2,6.778990108439182,9,51.21412826270402,East,1
132,25.11673382758245,3,7.018085742403809,10,48.76284377394597,South,1
133,12.768039154564681,3,4.006014602637655,9,52.64499313500035,North,0
134,41.190857986243245,1,1.836546137510566,9,59.663732201642844,North,1
135,286.31211226911495,3,2.413725266684194,11,65.84688869642741,East,1
136,39.03838028814744,2,0.6715212272750013,10,74.27584755605425,East,0
137,73.1452805760152,4,1.9926733217074548,7,45.23691451586059,West,1
138,121.40869768808548,6,1.2163240579046013,9,36.86475039584529,West,1
139,45.197449896696234,5,1.3156270235115586,9,26.612673469774155,South,1
140,356.77981382916994,5,2.8357893491474666,2,51.52329510545377,East,1
141,328.2009864541398,3,0.6623440110623319,11,57.52376021140131,North,1
142,29.006129499220528,3,0.7655674089779979,9,24.77328376453338,West,0
143,68.76592784638473,0,5.171004833254026,5,62.16997476373109,South,0
144,35.79304600790468,3,0.11573348309165334,2,43.47974534424282,South,0
145,33.52496763810817,4,1.329641569647941,6,26.162748236365104,North,0
146,3.758447776552253,6,4.87912025419714,6,32.27569208258028,West,1
147,94.04920709825932,2,1.8850795251782,6,30.85135856034333,North,0
148,69.85196328296385,1,1.5811102447919352,8,31.118171278514133,South,1
149,5.285108738039248,2,0.5746820725007556,7,53.54852094663963,East,0
150,32.662592101036935,2,0.8409813241571871,7,57.95741593032824,North,0
151,238.88609510893403,1,3.8217403851069074,6,70.48718372284802,South,0
152,27.386055214207705,2,1.6384103115308866,8,34.52666651492255,East,1
153,15.653086098546975,5,1.4461499400157265,9,50.14434401182959,East,1
154,67.22721094736363,6,0.2097872794116864,8,35.294612995520154,West,1
155,424.40369826152596,4,0.03231599324588352,7,45.30185854493561,West,1
156,27.71448135597262,2,6.63105919156159,12,22.794294190115128,South,1
157,111.51550102972934,5,0.9463731140985362,8,28.1520428949033,North,0
158,143.3887626239463,4,1.8487116454215786,6,57.04590732988167,East,0
159,27.133317233580577,3,0.16614390765968892,9,22.748010718413756,West,0
160,130.2748928492316,4,2.2984281857889117,7,54.222464515165335,West,0
161,45.8522799264304,0,5.393232893793648,8,34.857764219224244,North,0
162,100.05037477317713,2,1.714465275183832,9,18.0,West,0
163,100.38378271376382,2,0.2696137196608614,7,18.0,South,1
164,76.73852499523488,3,1.7432157321100092,7,66.95192019830014,North,0
165,9.462915881162095,5,2.9078381645143123,6,18.0,East,0
166,180.3644794246297,3,1.043154891253761,7,44.03441075978911,South,0
167,38.68102936673966,5,4.237824697954126,10,50.30926191565473,East,0
168,20.643210660755653,2,2.0921323928561835,10,25.30196656430296,East,0
169,4.1629759794345205,4,4.590204683258767,7,36.69711947469667,West,1
170,89.37784045945834,5,1.95370267748066,10,52.182358650117195,South,1
171,113.18517342673489,2,0.28148718368184666,6,49.39974277230711,South,0
172,1.672694755847062,1,0.7412339713489893,8,38.09136650288618,North,0
173,71.76305845494883,0,0.4507795149260442,7,48.55356944512983,South,0
174,25.682414705495766,4,4.789981938518604,7,43.46648003721634,North,1
175,103.61243415476919,3,2.8575693871468952,8,30.443751306562085,South,1
176,19.160422253913374,4,2.2564841067186956,9,63.00735685160596,East,1
177,117.4212527567719,1,0.7161127085267454,9,48.111308774421495,North,0
178,48.89587009811018,1,0.4067915864638257,10,18.0,South,1
179,276.0343817804307,2,2.8248749718984394,7,52.8251197375762,North,1
180,14.794441343927895,2,1.285508777346694,4,35.767262250095484,West,0
181,41.713243399517175,1,0.5118230918066684,6,40.65845714027861,West,0
182,12.044428503699642,2,1.9174675487768742,7,45.1229225129511,North,0
183,258.61903971507235,5,0.08233963529585459,6,33.10578745520856,North,1
184,209.8333707160994,2,0.7895556050868116,10,72.04556794341528,East,1
185,29.83273700614889,3,1.2643186408469937,7,22.60023412097369,South,1
186,107.87627390439145,4,0.3202396994422136,15,45.85031215947657,West,1
187,169.94840726392212,2,8.353863094461069,5,50.72027371732374,West,0
188,81.01323606865081,2,0.4691608185918849,5,45.61819162542003,South,0
189,75.42794101939461,2,0.2793360926665708,6,42.13521287283043,West,0
190,27.687704543790314,5,0.45514386900763654,8,39.344800755198136,West,1
191,9.772614047494073,3,2.9312044983965837,13,32.95230081303045,North,0
192,227.51232251945228,2,1.1085300650392804,8,32.6863026274074,West,1
193,230.67744276484268,4,1.666731777335055,6,62.37815176901671,West,1
194,100.26699194828848,7,0.042465979806594556,13,38.37379914754613,West,1
195,41.40465098113239,1,0.0700760673638681,5,76.98278500209568,South,0
196,42.95676158116439,7,1.1805514995878807,7,55.03410478193652,East,1
197,129.4465429727118,3,3.392773963111159,6,18.0,North,0
198,227.40973491072523,1,4.329805034313114,6,58.24888524341348,East,1
199,218.1132569396613,2,0.18139611274190656,7,44.20260291416127,West,1
200,151.3562191930903,1,1.5459532643861007,8,24.150723789242644,West,0
201,102.7310693567705,4,4.888981447279088,6,64.56382799738944,West,1
202,8.789172619608406,3,0.9819569570060966,9,38.46124599819708,East,0
203,17.62942146834115,2,3.5388123298035152,7,37.186014595773244,South,0
204,228.82305001775057,1,0.2870379876437126,6,50.6278502541344,South,0
205,93.24939469655895,2,5.478911145142548,6,62.142455093343514,North,1
206,0.9239605610994409,3,2.7840077993678456,6,46.70122797297237,East,0
207,10.699690143594932,3,5.671803263285601,5,45.62729021843008,South,1
208,108.9162387290241,1,2.257837243837193,7,34.547009783201204,North,1
209,0.5074437051797003,7,0.9032398814306208,4,61.88635273548152,West,1
210,17.531581610419906,2,5.5670946184237575,12,46.845761798381695,West,1
211,79.56978461389316,3,0.6447313805758969,6,41.618353088744996,North,1
212,117.73152866548126,4,0.8074508107230448,10,39.757396845618445,South,1
213,105.54414821352486,3,2.413342336620334,4,60.40238393380584,East,1
214,25.39498673080245,6,2.8990332537535135,8,41.06514605551308,North,1
215,124.54172888985389,5,5.30154896401161,2,60.44096427202982,South,0
216,27.082375905280593,2,0.4583293062832141,6,37.92637944965196,North,0
217,39.363490891808446,1,3.1989557099814614,9,55.83458225674109,South,1
218,137.23575516657905,5,2.6829942468069166,6,48.106442705135436,West,1
219,104.87738143027681,3,0.13184067081431353,10,30.738675171240658,North,1
220,189.1956077463401,5,0.9795088486805695,6,43.69535853559914,East,1
221,107.18132881697625,1,0.6647047496052972,8,18.0,North,0
222,84.00443055872574,3,0.7262209994211712,3,33.83940238452223,West,1
223,9.835706144841048,3,8.142844149357277,5,21.3329039211053,West,0
224,45.84163072070201,3,2.058792399679602,11,74.96250139769512,South,0
225,30.816014785883116,2,2.529400980610554,9,21.50954075975081,West,0
226,27.970020366242128,1,7.511546544454928,7,83.78685940826966,South,0
227,361.23094061629257,4,0.9470654020657482,8,52.714192990027236,West,1
228,49.938749704002376,1,3.2373626877724084,4,37.21699248070468,South,0
229,222.6055211248523,7,1.1401994775582243,12,57.095401509312396,East,1
230,99.73343857364831,2,4.073280214166815,11,35.33227921260675,South,0
231,158.38252526883997,3,0.3985062800984595,6,23.85676679388588,South,1
232,69.84353243887705,3,5.9009892839167755,9,46.18605402313242,East,1
233,86.0155902641585,6,0.4937757301670222,14,55.501090444893606,South,1
234,67.82934333416935,2,0.7897047665833375,8,64.17616342892832,South,1
235,21.72148953252385,1,2.822750417803184,8,52.465951643384884,East,0
236,128.1761803065804,5,1.000942635398074,6,37.059817144960036,West,0
237,32.957736836626296,2,1.8740656221431098,8,65.79414123121234,North,0
238,2.4616481080688613,6,1.1760379876267237,6,62.4446373935406,South,0
239,103.69687862952739,3,2.7124611754345755,11,49.03526291657312,West,1
240,19.493357022482268,4,0.5183998088380105,5,63.16166620235242,North,1
241,282.1083147273303,2,0.12047261731786105,12,77.77215466477212,East,1
242,307.75624127880235,0,0.7131481765441472,9,36.846240898594004,South,1
243,246.35098846338414,3,1.2860821076543123,11,31.50483476575495,South,0
244,46.228739649736674,5,0.3678938792889803,6,36.409662143580526,East,0
245,1.5577315371944382,3,0.8763814639187116,9,24.75524955051235,South,0
246,263.552345733189,2,1.0215946426449123,9,53.868221769250376,North,1
247,55.89382770530613,3,0.11820922307277382,9,20.851451979844693,North,1
248,340.0842016122056,3,1.7508122699111237,9,63.97521351107547,East,1
249,331.37354761302055,2,4.31426013007785,7,34.91727545739768,South,1
250,191.7387017179419,2,0.32914304089827245,5,65.38061698266239,West,1
251,34.87760681721603,3,1.8216514515285644,2,18.0,South,0
252,48.62919320986936,2,2.185693114443944,9,39.22218558444254,East,0
253,190.47266524780798,1,1.087161460271869,6,25.604843763656195,West,0
254,38.11462314307171,2,2.4152762760188624,7,65.30032383882303,North,0
255,18.57186162957548,4,1.0577468312433034,4,70.18537197755742,North,0
256,81.37369920602278,4,1.404930066368124,9,18.0,West,0
257,275.1293470807042,4,0.014760422882694028,8,57.98792337500681,West,1
258,119.08255977579371,3,2.3534943766060223,10,61.030310304883606,East,1
259,84.41123364356555,3,2.1655330704036055,9,49.885267878162395,South,1
260,10.222819734932289,1,0.07831525512523473,9,53.82244964118033,North,0
261,95.45307155177177,4,0.9185234054202026,2,52.740825221633465,South,1
262,461.05697478463173,2,7.729500440141046,6,58.04262723000179,North,1
263,15.092058664226416,2,1.0919958359123716,7,28.6129943928549,South,0
264,73.04953249815037,2,1.3940911594338155,7,63.00741516660025,North,1
265,209.86086379007943,6,4.814339778304967,9,48.140195038431436,South,1
266,135.003424835367,1,2.526468332323109,6,47.24000759654702,East,1
267,119.4074425301673,2,1.7448832766855982,6,53.499374238616056,North,1
268,121.22875562244899,2,3.197042249393556,10,25.93846816755689,East,0
269,44.549234231494914,2,3.995594323932003,10,21.698367228758904,North,0
270,34.75620842670952,5,1.2208797017852966,12,43.18451756545686,North,1
271,165.73745072597123,3,1.2891268941796725,8,68.15308397071198,North,1
272,166.13281990870288,1,0.9756866227276091,5,27.219260569492715,South,0
273,201.7950047367915,3,6.804764567870974,8,47.62731660999711,North,1
274,244.46159618366363,5,2.3891426361759636,8,34.24974138095884,East,1
275,71.60932369329038,4,0.17378218562937103,8,32.23532356120569,South,0
276,69.61843775511993,4,3.9749593524651803,14,52.51122548965263,South,1
277,160.09499323084876,5,1.3100077137656883,2,56.39063249084178,North,0
278,104.97190748878002,2,0.14246340822651993,7,33.186727965551675,West,1
279,121.0550648511517,3,1.595759143339993,7,65.80875383950175,South,1
280,158.86194749542048,2,1.0796998289184865,5,51.33755439738806,North,0
281,220.7323476346767,8,4.2033645648792355,7,41.37483053230094,East,1
282,41.24824071376542,3,0.4562986275510844,8,50.21277053857903,West,0
283,47.09367887275563,4,3.5027474410482884,8,75.54521271984325,South,1
284,9.869603918736056,5,1.6314826524708477,12,56.30296126651024,West,1
285,86.34140266094347,4,0.11231611788152783,4,34.51954597111788,South,0
286,3.6604104210857,3,7.140082045423928,6,44.71938757084467,West,0
287,62.66069481821096,3,1.4374028293021897,8,46.96903306757258,West,0
288,78.2294585687126,1,0.6874521563101749,9,54.980351814674314,East,0
289,33.76306603145225,4,1.2675194643548529,6,48.59321581303847,West,0
290,89.36325301461753,4,3.9018543960944574,11,73.42985863428255,East,1
291,3.0975062101474546,3,0.7274081075142634,6,41.59970356948246,North,0
292,3.806349928278938,2,0.4280613908200791,9,19.05141453859811,South,1
293,172.93513695381358,5,0.2763902089550304,12,48.21792854245877,East,1
294,44.65850242077447,1,0.7072432156353936,7,38.38312201205839,South,0
295,13.588904129742799,7,3.028692667952104,14,22.43953514776733,East,1
296,73.86535882790156,3,1.2759032077210986,6,34.447140274993295,South,1
297,146.96479404457352,4,0.5161989130096801,9,39.6241804773402,East,1
298,24.311800342990335,2,0.3634874466071704,8,62.09706324375728,South,0
299,97.52196186564929,0,0.8091194656992609,10,22.751275231531878,North,0
300,8.921102898989728,4,5.624302117115613,9,50.24677901362926,South,1
301,5.306509591030941,3,0.840223839512816,5,78.30720932281784,North,0
302,75.7908940625521,4,8.86648423548463,7,42.377075464849774,North,1
303,77.79104426947421,3,1.3280719307871494,10,41.93639265502242,North,1
304,101.4537448204616,1,0.39486369266729987,6,55.79664779216548,West,0
305,129.49605629166842,0,4.4353869384035365,7,52.832723938704106,South,0
306,372.3557008699993,3,1.2336889089268963,8,66.2634333585603,West,1
307,72.62911192303562,2,2.473483398878105,6,42.49333308151984,West,0
308,39.00197141059788,6,8.234602100224643,5,55.53289367474445,South,0
309,158.56539797326863,2,0.10295578141717246,7,55.77151183311031,North,0
310,31.585146543613728,4,0.20338906449370395,4,39.96666160273046,West,0
311,57.798343127330135,3,2.5491964544197456,12,43.290297150269566,West,0
312,8.17051685836699,7,0.6620840232600429,12,44.83201242810345,East,1
313,2.5677609541474378,5,0.40742070251068796,9,26.43450278039376,South,1
314,328.7379923268602,4,0.08031501364000024,7,39.169824098195406,West,1
315,180.77676421150625,1,0.044177770037457244,5,67.44246790150319,South,0
316,119.06427327993416,6,2.9787425556384566,5,60.565749235066754,South,1
317,52.58596444651419,1,0.28874197841340865,7,36.30096126426764,West,0
318,19.030653614210873,2,1.26117353907741,6,44.76386777201051,South,0
319,17.012074157285415,1,1.8622850271282125,7,59.57084834141314,North,0
320,28.80059891265836,3,1.1184630255481236,9,51.6510853131333,West,1
321,79.67906483133146,2,0.054961629320610446,8,56.99866428736206,West,0
322,125.38492877767757,1,3.060343343847066,6,53.01192178192011,West,0
323,107.93903496967985,0,0.02113775780329084,9,48.23117104095186,East,0
324,32.84122613889959,1,2.8700441672485537,8,42.51160975730425,East,0
325,309.81034985563065,1,4.475552475327412,5,27.073371596096912,East,1
326,133.90174048752263,5,1.134227377846188,9,55.383523282023866,East,1
327,80.82304819313313,2,1.5337703264500329,6,41.67371972988886,West,1
328,94.6030472037435,6,1.2962841226884407,8,20.281696592147334,North,1
329,54.40378655320514,2,0.9859996322453437,6,36.81511510182852,South,0
330,28.466129227406352,5,4.368262971026606,7,57.78434534179218,South,1
331,44.00141293231124,2,4.4873782473675154,8,18.0,West,1
332,141.8181847756713,1,0.8183932169327452,5,29.557132272063093,North,0
333,1.4498079720804276,1,1.9093862807365065,8,47.057001019788245,South,1
334,12.338039223997605,2,5.232060733810963,5,66.08577965091398,North,1
335,4.709437695252053,3,6.5434195024900585,9,59.9996410340073,West,0
336,4.1581451917292425,2,1.4224554678758092,11,67.5245192794496,East,0
337,193.42030336156586,1,1.2059724899914948,8,48.11672773089325,North,0
338,121.62406117006883,5,0.6533845183763852,6,41.8622934829945,South,0
339,64.27845944128924,5,6.382126081885484,11,57.64960011649433,South,1
340,10.295691844781325,2,0.3082014059222692,7,31.509490802441157,South,0
341,67.65179657972332,1,1.7341897573853986,10,30.33925124648046,East,1
342,64.14503320943712,3,0.6641047861241048,8,27.673653372479716,North,1
343,19.019471280022497,0,0.6542552803304643,9,61.33326931447591,North,0
344,56.88991313023239,2,1.0382821610086899,7,32.481291337842606,South,0
345,50.83366145832069,6,13.439128323047543,7,60.00905112774402,North,1
346,95.67224329131345,7,0.11306939597246707,12,47.22675425476581,South,1
347,100.81145360409121,3,1.728069438563821,3,61.52609474316891,North,0
348,4.636232402053473,3,0.17236269701234794,6,28.419267279524075,East,0
349,46.938400465506156,3,0.3357034944912859,9,35.617265149769864,East,1
350,98.31249947827285,1,1.1580766770690523,8,51.80983596569317,West,1
351,69.94394526077897,3,1.4285787452385,8,38.5356013994977,West,0
352,194.13494531754387,4,0.5989490845315081,7,18.0,West,1
353,107.49747640549978,4,0.7609318095535617,9,24.41610821385309,North,0
354,17.785286876730733,1,0.1819665532947585,11,28.301149589685103,East,0
355,7.318243625624084,3,0.7225704925510391,8,29.41280804459371,East,0
356,102.83941471088912,0,6.795911645225018,7,55.22674772751944,East,1
357,2.6869072667394427,2,5.790231726990648,8,50.05573036267118,South,1
358,88.13473778072907,4,0.815570465444863,15,47.433369200672395,North,1
359,281.7255455387152,6,1.6919158862557113,14,75.1300351235875,North,1
360,85.67824455775444,3,4.806920059195192,10,62.6283668335175,West,1
361,49.13006922239072,2,0.012406043323879326,6,57.02728935301578,South,0
362,103.08271578449819,4,3.3286708657337143,13,22.571009099978628,South,1
363,61.29559740510913,2,5.927287436565269,4,45.893099043464915,East,0
364,78.88143605763202,4,0.19153718525268368,4,49.48044993481899,West,0
365,283.81271462329994,2,0.3521566194443919,7,38.77159156108768,North,0
366,48.792752735018716,6,6.475419284563655,10,70.59569671173614,South,1
367,324.9091861506754,2,1.5423910457138963,13,45.76805865860947,East,1
368,235.75761837699193,0,0.02859674141901827,6,26.574768521431437,North,1
369,21.789626094045,5,0.5958204004436515,10,30.03933943876371,East,0
370,7.188415530315702,3,1.1954691911579085,5,79.23513507339848,North,0
371,10.622533548163021,2,2.3612217372879427,11,38.698155340921595,East,0
372,1.8389887847233704,5,2.6422149364674303,6,18.0,North,0
373,9.920501165575415,4,10.7727733369941,8,36.00983279150249,West,1
374,114.88748725771671,4,0.6779821707924266,4,18.0,North,0
375,7.384962694642702,7,1.545333824781773,8,58.759661977062,North,1
376,38.41571882948685,2,1.524238166788931,9,18.0,North,1
377,186.3526040097277,2,1.040557863116872,11,23.96692364494782,East,0
378,2.354700318071151,5,0.3706406424155779,8,45.05982840766684,South,1
379,168.45305061859585,4,7.584622611356139,8,61.64070250524662,North,1
380,33.10834668396295,3,3.8389655117757178,9,43.95848897281005,North,0
381,12.575011982910764,2,1.3796375648322021,13,26.135318433014298,West,1
382,119.31554084399134,4,1.8488747652277786,10,47.73844486043014,North,1
383,99.13991764332202,4,0.5156280045162553,9,37.98303804035799,West,1
384,209.94158140869467,5,1.5695912551202036,8,61.99053259824167,North,1
385,132.82935787644004,1,2.374691165954207,7,57.821820021195705,East,0
386,162.69958059939782,2,1.4479016715718456,12,36.94260806279005,South,1
387,33.13338623067386,1,9.268203510460674,2,56.696592156046904,South,0
388,19.533329604044695,4,1.890109229971081,6,49.06838421298734,South,0
389,138.87563960054248,1,0.927164461547369,6,65.50214200080424,East,0
390,164.42091832434195,3,2.9581533204366126,6,56.05771960047863,West,0
391,465.70048901402305,1,0.3737739527569037,13,53.20493587316453,South,1
392,53.2079354152605,2,0.9706920522860667,6,64.91939218006445,East,0
393,46.52439119617327,5,0.8522305771075394,6,45.231070223364014,East,1
394,149.7954503343587,4,1.1305885932602338,9,33.40349316091394,North,1
395,41.67336709307531,3,3.044501506136853,8,48.012596080411576,West,0
396,267.0137924399326,3,1.3239678067749792,14,39.668785438071794,East,1
397,195.48391571662492,5,3.1598985191502313,6,54.06294823724551,West,1
398,56.035560944215966,3,1.718351124987836,4,45.92916052467281,South,0
399,138.97847164954612,2,0.8373117540410482,9,51.04405308630796,South,1
400,140.4632986855017,1,3.321238675458172,7,26.938279006567292,South,0
401,10.883751880671802,2,0.544377881303494,8,52.624298030334366,North,0
402,232.8445680867632,1,0.5081928225902078,8,25.721658197186862,North,0
403,70.37074897567544,2,1.404387652900328,10,59.42640272303025,West,1
404,175.133255752333,1,0.6045067629872475,6,59.44881564883558,West,1
405,38.57354261645083,3,0.018257147777313115,4,50.21931198910185,North,0
406,225.87905145459263,3,2.089939417631036,10,49.65130362528797,East,1
407,49.29884540601712,6,1.4311693437344837,10,41.6451589408062,West,1
408,1.0896806615175478,5,1.1794411996740766,5,35.951569925544355,West,1
409,235.79072969624536,6,6.820588139813656,7,44.77531191855933,South,1
410,9.572561054847526,1,1.693525532311585,8,74.74027382413755,West,0
411,38.46536333850389,2,3.9818590566610577,4,48.439783751820336,West,0
412,299.69723831882857,4,0.3003676674956148,7,24.813763439256455,East,1
413,300.79495401039895,2,1.684252672868285,12,19.374615506412898,West,1
414,85.19972910552637,1,4.049598050715416,8,23.428884727646896,East,0
415,99.92300803905246,4,1.7498454078580858,6,39.33605129597309,South,0
416,59.50146636228576,4,2.5317969727081224,5,63.986986265495176,North,1
417,34.7022778746197,1,0.93056898083535,8,29.6477432044696,South,0
418,39.84863345503897,4,0.19401217156210385,9,66.32619726893239,East,0
419,111.63235799285063,3,1.2246106742608784,4,47.69172587604862,East,0
420,139.58378736630772,1,1.0033333599369643,9,52.251655024174774,West,1
421,156.81954162211485,2,4.035717504517641,6,51.84059382575542,West,0
422,155.88310318487416,1,0.5594153780048572,11,53.859979450565675,North,1
423,9.563694654031945,2,6.80645252901393,9,38.82951767966765,East,1
424,68.20495965733559,2,6.346759293384877,8,18.0,East,0
425,5.928170644873779,3,0.5690584772435664,8,36.17464466301539,South,1
426,79.74613156953929,4,0.8555808130910317,7,31.68181221695734,North,1
427,58.255527498728355,4,4.518203510760624,7,49.658437255564166,South,1
428,218.66186642208012,0,6.799729793395819,7,48.28858376235507,West,0
429,43.21916194678851,3,1.1719573707747815,7,40.91430565372161,West,1
430,12.450597755245086,0,0.7742596007771472,12,71.33287470105131,South,0
431,15.430765454211937,3,1.493492634304409,11,35.38907081060033,West,0
432,143.34305470790937,1,2.328025282892511,7,18.0,South,0
433,96.2905679748035,4,0.6389634359131852,4,46.79185010108681,East,0
434,10.660871224538544,5,2.667200224160431,14,62.83792458140921,East,1
435,8.785552166860509,1,0.10607880877436308,10,49.30741316404162,West,0
436,120.72084716530998,3,0.10110186162447521,11,39.65042258791435,North,0
437,7.554608952579714,3,0.9764580716124998,5,48.60671257710017,East,0
438,172.51858538085813,3,0.8722812307330801,13,72.58359846464256,West,1
439,122.4999753130005,2,0.7585225404775371,8,31.873079580589746,North,0
440,8.484875058031207,3,1.3506921792937874,5,45.46309776306379,West,0
441,8.86538677778067,3,0.7734837212997688,7,55.04914164240932,South,0
442,431.54585620580923,4,0.42702495488599046,8,48.808307859983955,West,0
443,46.883758255228955,3,0.7405904146117664,10,41.281994111321026,South,0
444,46.305526047531245,1,7.370115357637773,5,38.60511200337286,East,0
445,167.55754032826772,2,1.0590433448748782,5,40.72208287962324,East,0
446,294.21645379632434,4,1.1765395598567936,4,52.98048488134,West,0
447,426.8773939601984,1,1.7186160083681676,5,52.10658542788272,North,0
448,139.98992301163418,4,8.189581533220137,12,76.42077875772816,West,1
449,47.202099961912566,2,0.5530920222135497,2,21.948157290205273,West,0
450,8.719399369795726,1,2.28689785301858,7,71.36860034781901,East,0
451,150.12425404546258,5,2.517454292586845,9,41.932855058632484,East,1
452,81.7360407561493,6,1.8695429920776057,9,43.6411946791783,West,1
453,55.20331253049737,1,0.1854992688015947,7,57.880997027390016,East,0
454,236.82376754780904,7,2.259415206094576,10,57.78612615239962,South,1
455,11.788020797188024,4,0.1324819892575126,8,62.3492705087252,West,0
456,67.85051093729543,3,1.8133871126365364,10,65.62165933381428,East,1
457,1.1418589432541668,3,2.690928174330804,10,44.40253507074029,West,0
458,63.235436958292624,0,0.4739015948389249,3,65.81446321176068,East,0
459,5.795043106592577,3,3.6855414915235882,4,35.56265720817452,South,0
460,12.649099593117121,3,0.06164804398719881,7,40.420545364171375,South,1
461,12.502623200745628,1,3.7134007974683465,7,42.269773965257414,West,1
462,104.75683864069715,0,1.2335913563939878,8,37.100555806551995,South,0
463,137.05977175964728,2,0.4907474923650622,4,45.89784486518813,South,0
464,87.55537772028686,4,0.2872284392387655,9,58.44637082861119,East,1
465,327.4720209102377,6,6.128329215016036,13,54.77018966177472,West,1
466,46.97965779202672,3,0.15088206304784618,8,35.80223500187591,East,1
467,33.646915742055874,3,0.44402193569794857,9,34.56718927340331,East,0
468,202.95025381702297,2,0.8548765618147648,10,32.169795063910996,North,1
469,25.308206773185336,1,1.9364044817977946,5,46.331877334767036,South,0
470,330.2870106251911,0,1.5740415606941272,6,21.28734813686371,East,0
471,1.2228944358969307,2,0.2685341661563596,5,31.640994017217967,East,0
472,350.25269228794815,6,0.684214521647208,10,38.117683909873435,East,1
473,4.4118998618501895,6,0.545591573021044,7,60.830564367935295,South,1
474,221.77212291600088,3,0.4804340911186651,9,43.017445932437255,South,1
475,75.01432503493903,3,1.0591483576150997,11,60.08788476698786,South,1
476,495.68286079260326,2,2.4350041781190717,7,47.81362189786461,West,1
477,7.666137595445494,5,0.4904024157113892,8,37.88551251270639,East,1
478,80.71096637333488,3,0.9135553728463964,9,38.50287150845047,South,1
479,348.3575221256005,2,0.991602864707454,9,27.509128221324957,East,0
480,74.0443933181044,2,7.497813510733513,5,81.04772888545766,West,0
481,99.26282903811874,2,6.187411696775183,10,61.657688272686606,North,1
482,118.99012381167742,3,3.220252125831439,8,54.05588363186298,West,0
483,60.61277556769509,1,0.5532440440259808,11,25.450354745879753,South,0
484,98.76741730080221,6,0.14092500335415165,8,38.22560866940806,South,1
485,87.78258618057556,4,0.7622401490638577,5,30.36999483464667,West,1
486,231.42327694826474,6,0.6206586582047245,9,46.91352349580868,East,1
487,4.6511461743480975,2,1.410139141881239,9,31.0903911910404,South,1
488,32.98427258987584,5,3.0077060345126205,9,34.94564129325826,South,0
489,300.39960058609313,2,3.9084100575952863,5,31.48267572991568,West,0
490,220.9675828453486,3,3.726907355936044,10,41.403700128537885,East,1
491,60.817526195962,6,0.8915605909758006,10,46.07137470655208,West,1
492,96.79330287389773,6,2.324602140022015,9,41.801070839805284,West,1
493,32.48734198951301,5,0.7503593462375231,8,67.99359698117439,East,1
494,20.84041614360645,4,0.12567842379845262,8,57.166603566797065,East,1
495,62.305859880409876,3,2.4184080305836444,10,33.25450802101642,North,0
496,43.595353461673334,1,0.01975232339850701,10,49.88408522165133,West,0
497,87.6243706006643,4,1.052496511880298,3,34.49008346905054,East,0
498,8.09222844331848,3,0.799103063543024,14,39.07314107578968,South,1
499,366.4960122522567,4,2.364276110682943,11,52.187958049140605,North,1
500,428.38655755525383,2,2.9069674862617174,8,54.98474985875866,West,1
501,119.78638819127893,2,0.7250831982315024,8,36.18851978566508,East,0
502,76.80784344120899,4,3.3386626317882704,8,28.42695619821737,North,1
503,37.037930155436,4,0.6960442909427753,9,46.31555246586497,North,1
504,168.09071674879968,1,1.1823597265391956,12,51.51933612872915,South,1
505,115.43295836488157,2,2.5967027012414303,13,35.425667540749124,North,1
506,17.747365410048836,4,2.3612954509774964,11,57.248317763483975,West,0
507,241.83010919991276,2,8.74311878572798,7,54.58939504898161,East,0
508,172.89945113672712,3,0.510200088796951,7,35.20693446144591,North,0
509,299.1738525033436,5,2.171300797434813,5,61.95243278788746,North,1
510,129.36040041961343,2,1.881586504979661,6,62.410909264762395,West,0
511,95.04040195913728,2,4.932525963887901,3,76.01502158435437,South,1
512,54.170250659311336,2,0.34006390848935697,9,70.67639576975662,South,1
513,269.9018361547118,2,2.787026014628955,13,31.460801662136745,East,1
514,201.039238004692,4,1.6799033621046973,7,58.874737812987014,West,1
515,4.627293865312279,2,0.6422457220740379,7,58.1944394488397,South,0
516,2.6720816866511363,2,1.2865624824775455,11,39.77275200865696,East,0
517,47.234776158326284,3,0.8122604497079458,6,51.82387092099049,East,0
518,166.36477229960863,2,1.7317342943941452,9,18.0,South,0
519,436.4275468220168,2,4.396461161039542,13,18.0,West,1
520,16.30095099344797,2,1.6847101196117045,11,19.28037089298976,North,1
521,90.17241302157358,5,1.9978366542547987,11,50.83885382140091,South,1
522,47.947369975809615,4,1.4627278397245456,8,51.547636978800924,North,1
523,350.3708554375963,4,0.10504179294545081,12,40.8917383023837,North,1
524,184.59132074336347,4,0.5301681675278442,12,70.81753693138896,West,1
525,182.21900464698572,4,1.3545544716066276,15,59.806131043639276,West,1
526,63.24155711397735,4,0.7428094609516299,4,21.025302228152537,East,0
527,53.5834936327349,0,0.40120796767998324,6,42.42038691171866,West,0
528,31.93888921500612,1,1.4028944291551646,5,30.90472025728045,East,0
529,5.802696384483622,4,0.7796061810100048,8,51.20993803082265,South,0
530,200.04261400033104,1,0.597102236001904,10,44.541316128519426,North,1
531,167.61174392499228,4,1.2471878240269452,7,31.755324391403356,West,1
532,817.2445597818082,1,0.2860884399080486,7,70.41708795791904,South,1
533,569.4873400744333,2,5.255127791907216,3,45.860953619381156,East,1
534,81.0651592641394,2,4.045398130550464,10,38.75940690794638,West,1
535,146.52830902062607,1,2.4594059125086147,9,41.20290075809541,North,1
536,289.6171682874436,4,0.22457742632922725,8,69.2800206931294,South,1
537,189.47720147092457,7,2.9911228121820077,9,58.669119597510836,West,1
538,28.415244458114653,3,3.300075364431818,7,42.56473337752323,West,1
539,59.88268273998645,4,2.9200076856710893,7,30.11865479850567,South,1
540,13.829634431308865,5,0.24199965399098233,10,32.457072927606305,East,1
541,308.0223786441709,3,2.065132067970618,6,37.76786083492951,East,0
542,93.18477025886182,2,3.595452016339211,6,52.60748638823331,West,0
543,25.96037254184837,3,1.7224378260131856,8,56.34797851480066,East,1
544,111.38295391732503,2,2.079219611963342,11,34.11688261537436,East,1
545,96.26704347430717,2,1.2263202575213132,8,57.01140275057254,South,0
546,44.342046229710604,4,1.5045519528712807,11,31.37076168047854,East,1
547,12.053912139846927,1,0.06996328680903927,8,35.8233951905172,East,0
548,111.34412835191021,5,2.037549787376217,10,23.25714718941808,South,1
549,73.46104241860377,2,0.16991180996684735,6,22.81038380724916,West,0
550,147.9807080960515,3,1.14191075771995,8,31.208589588051986,West,0
551,73.4309860423515,6,0.6924737856294044,7,44.614023661659715,South,0
552,191.1770111308484,3,1.57679770508331,7,30.090279290838147,North,0
553,80.27541190214875,3,0.28639323996925514,3,67.47126542558559,South,0
554,82.31145809801471,7,2.352996759849504,11,31.01254520506562,North,1
555,209.27586432297716,3,3.1696031582544673,7,47.75919603752129,East,1
556,51.6647313988117,1,0.35670954915951975,6,64.80364450879,West,0
557,14.388795539029894,0,0.22032870983885056,11,46.38768906410632,North,0
558,2.920502143209468,3,0.3145137914196958,2,39.541262637464676,North,0
559,140.70574526625856,1,4.193217100727833,7,47.205128798303335,East,0
560,96.83989670606796,2,1.5023547042144811,9,36.57398003909034,West,0
561,121.76653477978765,1,1.25944729661117,8,29.987862089359595,East,0
562,23.948149349344348,3,0.22569207838803187,12,54.19059429051704,West,1
563,14.661255122827866,1,2.0971087526162817,6,36.25332784370336,West,0
564,1.4651476265668781,2,4.049900529393362,13,59.05129895295639,East,1
565,43.168726151506924,4,3.5226840441555867,11,56.9439419929037,North,0
566,89.13973756649446,3,1.9672915459299989,12,47.494747640626855,South,1
567,49.79818675611507,4,0.15652580434678837,4,59.56328833632237,West,0
568,57.53195628284312,2,0.23846147729172124,14,36.83911172971753,West,1
569,234.50615229814414,2,0.10113235362391897,4,56.75665358482517,South,0
570,42.81026144251117,3,0.5954088348821933,12,56.67859345916775,South,1
571,72.15250280723211,1,0.2915815330068519,5,40.47867766132623,East,0
572,153.08717377197016,2,0.6023400283026276,6,38.55420916351251,West,0
573,50.50801312991797,4,0.9724548303491272,12,49.935428187412,East,1
574,97.30904753530854,6,5.7288040458218,9,74.5236668274266,South,1
575,198.31406436843068,4,1.8851465218053558,10,41.51646808014745,East,0
576,298.6190415374668,1,3.6033018861041675,9,38.238414400599396,West,1
577,15.908187931483598,4,2.4781743251522337,8,62.67592202365166,North,1
578,261.1662763042079,4,0.23870056998547717,11,46.021988335490235,North,1
579,67.75027809955306,1,2.663009460534665,7,57.99031597476904,West,0
580,29.873545435139576,5,0.6434400435732262,10,67.11946691272684,East,0
581,61.45869673706975,2,2.03835222084033,7,18.0,South,0
582,391.36530975805914,1,0.8339480860459548,16,44.43630612826614,South,1
583,67.84912926673597,4,12.12571768340296,7,41.5529444502634,North,1
584,39.86160321004998,3,0.6118318860122791,12,30.56503848832374,East,1
585,100.34862739576596,3,0.6545942323002407,5,18.0,South,0
586,27.462846771560294,6,5.337820200542134,7,21.127527689589865,South,1
587,7.889530497623504,4,0.049906322564929974,11,46.56553172804127,West,0
588,13.797521971241586,9,2.3859931144842346,8,36.989459560217526,East,1
589,13.701842406700711,3,2.5843435232263468,11,32.97249619620342,East,1
590,16.475990155667297,2,3.6203998369236383,6,46.416410695721396,South,0
591,14.946006606751656,3,7.333399359021609,9,34.61779424435891,East,1
592,102.40840510758065,2,7.42650160747506,7,64.35270958167905,East,0
593,20.074635703448163,5,0.13500958181322742,5,35.686736412191046,East,0
594,42.413931579480526,4,3.450138909396424,8,67.57982279958846,West,1
595,227.09741251283577,3,2.0786685362899324,4,44.54976401928147,South,1
596,64.23811416465936,5,2.08451382246539,4,35.22150609187435,North,0
597,110.12890836523806,3,0.27473445520332773,4,34.13152863688224,East,0
598,18.91285171132165,1,2.1007140576155563,12,67.70691382696565,South,0
599,21.355098099509505,3,8.089118997829152,6,55.43750069933475,North,0
600,4.17272127175653,7,4.856717754263669,9,33.608727256298735,West,1
601,18.504734406558086,3,1.1565346150939937,8,46.786148523369135,South,0
602,32.65481186311455,2,0.08153560299014384,4,18.0,West,0
603,19.481181748310796,5,0.8997542343026391,10,25.02593522082007,South,1
604,9.288590786036757,2,3.5018913391211512,13,33.74566996238942,West,1
605,12.855621349335253,4,2.4179646719741257,7,33.37774104599227,South,1
606,61.76293433653791,1,1.2299428497691083,6,63.19522080120009,West,0
607,23.109220634509658,3,0.1133556037469997,11,18.0,North,1
608,45.29811155109185,8,1.113371716131574,6,23.5829020637344,South,1
609,70.00051847143304,3,1.2660804525936897,8,51.78591724935555,North,0
610,117.24574340125422,5,5.277669629782799,6,48.454084698826044,East,0
611,4.010573010001543,6,2.049345524215989,13,39.75343746627964,North,1
612,160.64942438261195,5,0.7469241733004863,7,75.78733393195348,South,1
613,98.85936903672963,4,1.4902214598815384,5,54.26110637801993,North,0
614,8.529543037633426,3,0.13667611718063818,8,63.34237058484155,South,1
615,206.81346984880906,4,7.192107308362559,5,44.23799822350328,West,1
616,253.6693546378928,0,0.8927614075512592,12,36.84626784679785,East,1
617,6.30228275601634,8,1.2996672280360102,11,37.018059339033684,North,1
618,32.41768431286508,2,0.8778906585369609,11,58.914973670588054,East,0
619,164.09351832266427,4,2.294628813159515,8,56.59122506557063,North,1
620,137.93572402143084,0,2.170792956916198,5,41.72087801273818,South,0
621,20.397963206180048,1,2.5127953056334813,9,52.0737608194353,North,0
622,23.489903118153325,7,0.6243409060704408,12,59.43927081025822,East,1
623,46.27851100243697,4,0.7586256042333176,14,36.54105780326567,North,1
624,66.26625646686144,5,0.26763711020906056,4,39.84906787913558,East,0
625,96.3001834058552,1,2.1313802695992985,6,51.69960752483079,East,0
626,46.03125630003512,5,0.08122138230871051,11,18.170096135509887,South,1
627,62.08911092209176,1,1.82102658454824,9,51.98388263092798,West,1
628,137.62289403898424,2,4.075768426488784,10,28.124264106790303,West,1
629,3.7372952321478463,1,4.429737314543447,5,59.12480086410758,North,0
630,29.093662188239723,4,1.1921780055890858,4,77.21677240860768,East,0
631,124.94918749560257,3,1.22979500759876,5,34.54247527775647,South,1
632,225.57667543306135,1,0.16018531435935543,8,24.755343977062438,West,0
633,71.67791122084009,3,2.2219671495247337,12,42.30137053797712,South,0
634,75.95295023530689,2,3.4436396003666703,6,41.021103253203435,South,1
635,11.336133854066338,2,0.561161505506684,16,54.91085736688481,East,1
636,59.314324608355086,1,1.0939451877514177,5,48.5109196634147,North,0
637,76.060679905529,3,3.6507070065738145,7,40.55504576026973,East,1
638,27.76928032606533,2,4.19310163087092,10,46.359204025871634,West,1
639,31.367461187854385,3,0.5572596169102206,7,28.167713773372117,West,1
640,47.3664984802472,3,1.5995531553320714,10,57.438225650823995,South,1
641,2.0275360750314513,5,0.4276074834731294,6,69.26941714432331,East,0
642,38.872476125613574,6,0.21490042653278407,8,27.036042933309403,East,0
643,23.755693562362985,3,4.840947549780638,10,21.311205338512547,South,1
644,39.67492302319827,5,3.4352437564694527,5,38.96867359878224,North,0
645,12.756310328478126,2,2.8545235807903167,6,26.67794284315013,South,0
646,221.20798999430247,2,0.09999105015780257,10,25.856734753482733,South,1
647,90.03988138795597,4,3.712324545842606,3,23.969722565281852,West,0
648,113.66329578930316,3,1.1526637180838029,1,42.09596405988901,East,0
649,155.67090323777913,2,0.8383020387100849,5,38.82866295515928,West,1
650,69.00364218488852,1,1.5814157703046228,14,50.59885386202754,South,1
651,9.093209451745585,5,0.1915977323759571,8,36.55478707630998,East,1
652,77.02583632948226,3,2.826480726061713,7,26.750353566889885,South,0
653,88.39230578713736,4,1.7466304846432408,7,44.74675530127322,South,0
654,136.82166488084093,1,0.41304022121092526,11,29.121659364835665,North,1
655,56.50346493829821,3,0.4170818800432206,8,52.68256678930786,West,0
656,13.648466672931223,4,0.40729138103834867,2,20.00665798742074,West,0
657,33.37621802617039,2,0.11738305644063902,14,18.0,South,1
658,45.111482547462344,2,1.7724856973960565,9,20.853409494969167,North,0
659,103.82246116218616,2,3.669519889688536,5,38.7252087008781,South,0
660,84.57817212014196,4,0.03530623483166426,11,40.693052156551936,South,0
661,44.020675965180615,5,0.10049220150150044,7,47.05412675202155,South,1
662,430.6195772169812,2,1.700866833425712,6,36.52946469003082,North,0
663,93.08330084672093,2,3.4240011956330187,9,32.302380633446816,East,1
664,27.079452875679994,4,0.7912440924576999,9,66.49911855940317,North,1
665,10.734300462488685,0,0.8603797187637013,7,62.53328127850591,South,0
666,16.58882925898259,3,1.8143968721981008,5,59.793036462922885,East,1
667,28.230684939514095,0,0.6409970857350588,6,49.633444399039455,South,0
668,17.516487495429402,2,0.05393755263266361,7,50.8275948578915,North,0
669,20.64917454545804,2,2.657776314954579,13,32.922031714168355,North,1
670,33.56058482154465,1,1.9651277154924844,7,47.16537432338149,East,0
671,19.0402433662887,4,1.7386043747977322,8,30.901991699677783,North,1
672,227.07514493559154,5,2.7071442733579976,2,29.20090049069747,South,1
673,8.363571259200016,1,2.2492812368697646,8,20.7376533113764,East,0
674,74.34123501127027,4,0.46104639856186963,4,51.09107372940076,West,0
675,52.830555648930236,0,0.8692144294137516,10,47.4550764334458,South,0
676,403.86421660159203,6,0.26960186299015465,11,40.45672683179728,West,1
677,11.88273456974049,5,0.2781954568892848,7,38.49290119368273,East,0
678,50.72579937424304,1,2.2552322023733025,11,18.0,East,1
679,348.9059664126715,5,3.91232656422941,10,48.845993388657575,South,1
680,200.62440619681547,1,6.579271792141605,11,40.26689905655462,North,1
681,169.86630340361793,4,1.9795899440415385,12,58.43995815620451,South,1
682,29.827508353350463,2,0.40693020502669347,7,47.193170338463794,North,1
683,18.739953278648755,1,0.22331693559987512,7,55.58675827806047,North,0
684,110.45595986817835,3,3.35170007172965,8,44.8913940210878,South,0
685,265.0385094959955,3,1.7290883431642305,10,47.72516808233392,East,0
686,81.36504219047423,6,1.926162154351982,11,58.96689416531759,South,1
687,84.77275614585865,0,3.0415915453072553,10,42.114161034923846,West,0
688,32.847503081065085,3,2.429914005604045,9,52.07782332302246,East,1
689,146.74737584120885,5,3.5970637347414076,3,38.347133777993996,North,0
690,20.707798214607084,1,0.1157114665598596,7,43.0333963556325,East,0
691,39.108781311923266,3,2.752851526591807,3,68.90285997914224,South,0
692,55.414455006983054,4,3.8056425101974076,10,54.60760022935639,East,1
693,70.84849626446984,2,0.6741229392530576,7,36.87811637094529,North,0
694,27.76125835696058,3,2.0457888954885264,6,51.34378740340879,North,0
695,12.198327214413544,7,0.7542278476534532,11,25.800280895613067,East,1
696,94.31996574293565,1,6.338794009203831,7,41.682116780711524,West,1
697,34.05633684365418,3,0.06798981365697349,12,30.698635487662454,North,0
698,87.04530682924437,3,1.734014920665989,4,51.77859296450005,West,0
699,16.76647527706798,1,0.3642516648172799,8,42.16602642497708,North,0
700,65.61213780285276,1,2.4911193852248714,8,49.25217713364763,East,0
701,76.05472481290778,2,0.38690321349110857,4,56.6126927781484,North,0
702,5.321465145712133,2,0.5367611332831346,11,38.09678611384425,West,0
703,41.03836013804232,6,1.363903412996305,7,38.63273525198756,West,0
704,14.43493268319316,1,4.926328281074947,8,44.44444229101298,East,0
705,6.5472258772524885,3,0.47578956581577286,11,32.092555884068055,West,0
706,460.1201311395324,3,0.3115306813237252,3,44.83180517726565,West,1
707,38.913002251942025,4,2.8457244334524696,10,45.623441889503326,East,1
708,166.00706137698987,2,1.3887740270062539,11,48.43410322746821,North,0
709,29.38888342934014,3,4.855959072712009,3,51.29325662870869,East,1
710,114.41413510203515,4,0.3170879324255411,10,20.95325616104694,North,0
711,142.80662228282085,2,2.0765093891309077,9,25.72317752153066,North,0
712,90.54465941691397,3,0.5302218461609245,8,27.492236192285077,North,0
713,63.785664404527175,2,0.3410083446579894,9,46.38912001839742,South,1
714,53.075781350537774,4,2.3004180907636242,7,40.73436211379009,North,1
715,42.90433017039748,1,1.8012512453553273,6,18.0,East,0
716,265.2556048220781,3,2.8115861294477327,10,74.20567212708043,East,1
717,177.5607071141798,5,0.7405702196813144,12,18.0,East,1
718,335.31763894156916,2,1.1883117737790936,8,45.45635520063715,South,1
719,13.272854183610555,4,1.0399738422883271,9,53.45059562647324,West,1
720,131.25513634605076,2,8.281547491183666,11,34.20319538476167,South,1
721,278.61272652612405,1,0.6913257618775555,9,54.599395359922994,East,1
722,19.995580970079768,3,0.6985965467564998,6,29.87733780922775,East,0
723,6.881031747249687,4,0.8756095119189125,8,47.56652102899017,West,1
724,135.1393153188622,7,1.6629530730898376,6,18.0,South,1
725,85.44271441986697,4,0.5815677408175358,9,62.59843636940247,East,0
726,184.4077141321478,6,4.937041833434689,7,45.01313379360931,North,1
727,15.05582464141926,4,0.6176359127156219,7,21.07931393185771,North,0
728,158.6050111031868,1,4.5231882714533365,6,54.431314717917694,East,1
729,22.517977306702296,1,0.2184583421881955,9,69.48228365767942,North,0
730,17.8715198965518,7,2.1375014474382352,13,31.103843031092715,West,1
731,17.94446565599507,4,4.750000164467011,5,41.84682087155254,East,0
732,168.51032825640087,3,0.36964802280229786,2,37.27764155458908,South,0
733,109.42136390159689,3,6.904578872552523,5,33.44674627903014,East,0
734,74.03759563460443,3,1.2061865284386637,6,31.866568493501056,West,1
735,44.44614016780682,3,5.827018661848841,9,35.30312685719536,South,0
736,209.72026672943323,1,2.2590919408807117,11,36.11429309268938,West,1
737,49.83127496974449,1,0.7178889486757318,9,39.65304879295435,North,0
738,169.60826628480697,3,0.41725515174585365,5,38.5638502354436,North,1
739,57.827488111388035,0,0.7240500207543427,10,56.41756519610498,North,0
740,47.311956581773714,3,0.19526404677425832,5,55.078144747388976,West,0
741,62.11610598996026,3,0.3106613396178077,14,21.997490837820354,West,1
742,35.864527543064206,0,0.2211044727978594,5,36.09614460914153,East,0
743,137.67773129369394,2,1.0996303455835825,8,63.75835869765599,South,0
744,69.8602815695596,1,3.1751412698893997,6,49.410374394163725,South,0
745,26.424253099706522,2,0.30486593837925624,13,50.01706057587728,West,1
746,229.83398495505836,4,0.27926089833791107,8,48.58467627095643,West,1
747,48.43317423587113,4,2.062443517787545,6,41.07508370936313,North,1
748,78.42823821777635,1,0.4392569278778571,7,44.3842831404035,West,0
749,236.94956087096264,3,0.20541704418240977,5,38.94151633703379,North,0
750,97.87993038573308,3,0.365079748940435,11,57.83602877964286,West,0
751,12.431461585777976,2,5.146987809507346,11,39.078326148694764,South,1
752,281.0616683932209,2,3.4460112837130805,9,43.30565302156334,East,1
753,98.80769289348262,3,0.8741114438403883,5,56.03006179878761,West,0
754,40.78263155513094,2,2.133185464168356,11,40.08311994109246,North,1
755,14.997682061642582,3,1.541247619423393,6,43.939199266496814,East,1
756,158.0001395680267,2,2.2609754928924137,10,39.62703013068335,North,1
757,96.77755075628524,1,2.295633337741702,4,43.659976148153795,North,0
758,76.24138580490282,0,1.981673065429394,7,40.135169386347066,East,0
759,224.33033305364455,3,0.6187687283583145,11,36.96214910145904,East,1
760,155.3990013696072,4,0.07957510273808632,10,34.38070604046146,East,1
761,16.449132012634088,4,1.2160199848281315,7,42.413238569575654,West,0
762,37.35625513958005,3,4.4323356709130985,10,60.27357316647955,East,0
763,28.566961854883793,3,1.6856031740024775,8,54.35545601336962,West,0
764,136.23680618684116,6,3.5722432837932727,3,21.312274857433863,South,0
765,3.410753985783793,4,9.564851503915131,7,38.56275759500094,South,1
766,84.3713556386143,4,0.35733537057230685,6,35.42492146710168,North,1
767,143.74137158597787,5,2.3538676113039734,8,21.56515257599959,North,1
768,209.3667344385938,1,2.243517672321738,9,49.129177936512264,West,0
769,41.86745935450927,4,7.819595701671619,10,43.558631712469,North,1
770,172.1807963541003,2,8.481156085287223,12,75.34413114459878,South,1
771,11.724388509877734,4,2.321051631273393,10,39.98969498643593,West,0
772,187.37439572116875,5,0.558408996312196,7,33.35736652653169,West,1
773,13.637963052807084,2,3.2044860966175515,7,31.905925580141087,East,0
774,50.63146312098643,4,0.2264026474683906,13,38.226140201293816,West,1
775,159.600536332649,1,3.0346229012226775,8,53.85489936662518,North,0
776,16.242178992041616,2,4.820254287266382,13,55.57302122695606,South,1
777,26.039302244475092,4,0.9652325336807255,5,88.89236007777438,North,0
778,128.10430976449055,1,1.9919415251375627,7,26.901277069387827,South,0
779,127.30961719916947,1,1.1247387133961406,9,46.293523129457945,East,1
780,102.48442087373908,0,1.151670929650264,3,34.735776953614376,South,0
781,118.4001709087617,3,0.7432026927065744,11,50.25749657687097,East,1
782,78.24691011956382,3,2.872058754825803,5,65.747357537002,North,0
783,29.00836992594099,4,5.50326964653635,6,57.93167068550602,East,0
784,42.41831937932634,2,5.652008001838989,8,26.885932386503086,West,0
785,20.040127451653184,3,0.3842136370803944,4,55.26986311504571,West,0
786,239.08761393236517,6,4.154785677915301,5,18.0,South,1
787,87.56090546365985,2,2.6744861110702423,15,18.0,North,1
788,51.224565947902235,2,0.5829448955545912,4,41.2642415820047,North,0
789,61.99075063211633,2,0.13931035207049688,5,54.16020336318694,South,0
790,294.2823736997211,4,0.62394206252657,14,50.222952795269684,West,1
791,16.646955012850068,1,4.865575191486424,5,73.58682351544003,East,0
792,88.24446091085541,4,2.005760804111597,12,46.63990474443674,South,0
793,70.49944407931773,3,2.5534788671034514,13,43.397119488163376,East,0
794,94.53443180030727,3,0.5945286077775367,5,62.32789260421878,East,0
795,1.8276180406497236,5,2.5415658022768484,6,39.38800977763445,North,1
796,205.66935225406965,3,0.05704897758885169,8,50.83122455385714,West,1
797,268.9988536691252,1,0.9410358294093133,8,51.73464216632514,East,0
798,83.27154639433977,1,1.9710316278308413,6,30.423479133901598,West,0
799,119.28707405259583,3,0.31587433198263165,3,50.81200189145132,North,0
800,255.74693578456262,5,3.4632514824553446,10,77.77540392966644,South,1
801,122.83974533925182,4,0.5358407189444253,6,62.04974559563318,South,0
802,16.551050912412173,2,2.1127218422110556,7,32.410656949372814,North,0
803,85.87021498525603,7,1.0390505207969587,4,80.07976410831841,North,0
804,93.3220857034015,0,1.8128966328835663,7,55.339045036879604,East,1
805,55.18745039228211,4,0.22734672729226957,10,51.36374329462516,North,0
806,133.3490303883392,2,0.034114909305863604,4,43.54167661892875,South,0
807,272.3676885762475,3,4.806235173110973,10,55.24058471620347,West,1
808,259.78762130541173,1,0.6284080718662304,7,46.67676946994784,West,0
809,59.936429630361765,3,3.4260112143175463,11,45.29466683941269,West,1
810,12.017870455178418,1,14.678001133750666,9,43.00336704723955,West,1
811,418.91739891207067,3,0.47507139130958,7,59.606504039086396,North,0
812,182.5718110818443,6,0.6162342153701524,9,57.94409566863336,North,1
813,13.31459597170634,3,2.1745127494553147,6,42.75908679596363,West,0
814,253.6307940963276,2,6.730616420060824,8,22.215231246668782,North,0
815,203.94239312268633,1,4.949461556640923,6,45.54099090573485,East,0
816,73.15513859686492,4,1.3978296432026835,8,34.231854606313064,North,1
817,89.47137868290748,4,3.170566816286065,10,37.89631020272991,East,1
818,50.916484340901356,3,0.2917768038548184,9,43.127213723599965,East,0
819,5.631814924329379,1,7.582992736360828,7,29.095260149534376,North,1
820,40.82648863007412,4,6.668193705067521,13,20.8455276673326,West,1
821,162.38079110661786,2,0.3576050107598819,9,49.379598001001774,East,1
822,0.4642784066342885,4,0.7117023518093449,10,45.402442963872225,North,0
823,40.57138965901687,1,0.2110654998825245,7,44.82886381717252,South,0
824,50.77780948546782,5,0.6341327848061579,9,52.6614988289087,West,1
825,77.08830241238817,3,3.385158550634382,7,35.10693191605336,South,1
826,252.39254761530415,1,0.9506454440711265,9,49.98710146623162,East,0
827,42.51771108907901,2,0.1851013093199508,10,65.06133062359085,South,0
828,42.610648595849526,1,0.8377862984632986,6,41.179410886923556,North,0
829,133.75089516655657,5,7.967396181811359,6,73.4907564145192,West,1
830,60.18777734923394,1,1.9867949816529131,1,45.7499164068046,East,0
831,25.43824737027254,3,1.076259854595826,10,32.21431137211812,North,0
832,60.22823505761551,2,0.3643355696283911,5,57.745260373925696,West,0
833,15.181992193138704,3,8.562813484924048,13,43.31159206280732,East,1
834,19.405450320809674,2,3.4390526100757253,13,60.78825741897509,East,1
835,68.98880428028177,5,0.66111596755081,11,51.20019433032304,East,1
836,54.2876216256007,4,0.1452891238599205,9,40.08256546328991,East,1
837,246.32927352528128,5,0.11658399842156877,7,67.81522412013597,South,1
838,45.00345830397283,2,0.256526358422361,6,37.50943193521268,South,0
839,86.8902383785272,3,1.7386644102311073,9,18.0,South,0
840,100.0390772517848,2,5.283497690746406,8,58.208695062815266,East,1
841,1.3180944825659227,1,1.373310310887299,6,50.24897992116663,South,0
842,108.9268197035989,3,3.7023245768153323,10,64.25578781599829,West,1
843,19.60586401992482,1,1.1807719117630688,9,31.774892124627243,East,0
844,324.59982722724266,7,2.466003841357379,7,41.29272513882312,West,1
845,16.09469043101801,6,2.632587100621517,10,39.59937339251325,West,0
846,53.55011145366069,3,0.3822331336842769,8,59.00643112874879,South,1
847,8.921343765050313,4,0.8963780044862875,6,54.76275270018408,East,0
848,576.8081615150759,1,2.028370357001863,7,48.22200563575708,South,1
849,69.75468656582261,1,0.1466400291294247,10,48.3186705598315,South,0
850,90.48193240889458,2,0.8973930927755046,5,27.73543256739394,South,0
851,6.943205082825417,3,1.5305734220987233,9,56.53023205330079,East,1
852,138.61362552159991,3,11.158441224973346,5,56.83681535235301,East,1
853,23.56028382502632,1,1.2869379173655613,8,79.36660761928108,South,0
854,228.33148568116303,4,3.386256063070727,4,52.061774615928655,West,0
855,22.958882816083335,1,1.1315046538044162,7,54.486880292222644,West,0
856,21.157042980881585,3,3.183104857286119,5,52.1640169149344,East,0
857,3.723434185767217,3,1.809785876519037,16,34.549428490518295,North,1
858,63.87857932954639,1,4.35358738020974,2,63.74102144716275,South,0
859,83.20441036761805,2,1.0584631317527249,8,44.16380732814204,South,0
860,6.796694017915647,4,1.8542202005606574,9,42.105617211499464,North,1
861,149.40025935983724,2,1.9886055255548596,11,42.97779711458402,East,0
862,60.38346502936217,0,1.080450310898486,8,44.01084587500565,West,0
863,74.31576545925968,4,0.31169901263650296,6,37.70386366999422,East,0
864,58.11814717875803,0,0.19645957062248928,11,48.22857919781552,West,1
865,51.20982012749214,2,0.03362417008041335,7,43.550872727146924,West,0
866,82.01634571378747,5,4.135567742206534,10,42.27435911959796,East,1
867,16.87030067609555,1,0.5396185919497511,10,52.347374322697476,South,0
868,20.08050862086255,5,0.47526286452563127,8,46.13683031780802,South,0
869,197.89493282961402,4,2.663880554700005,7,36.687960806845155,South,1
870,292.0911709264685,4,0.7713723536189704,3,33.54689119386204,West,0
871,46.73021874751386,3,1.4106204727124383,13,46.47602500222303,South,1
872,31.5731365692666,6,0.3546944553313378,7,33.80052241444616,West,1
873,103.28232650944571,2,6.425077963370804,7,32.72082371924471,South,1
874,52.54895676072463,4,3.8154372385835797,12,32.93284892892599,East,1
875,2.571414873264703,2,3.9871093969694957,5,48.824770987166055,North,0
876,16.978360329951062,5,1.044358831546135,7,62.90313706507406,West,0
877,125.86832598530455,3,2.8740069256859795,7,50.216409723403366,East,0
878,107.56497823175357,3,0.31068047004464255,6,58.30232568641075,West,0
879,2.7469857884440096,3,0.017312722022107877,9,43.95447121323266,West,0
880,25.0992973866705,1,0.040350175761201916,6,47.133378010445746,East,0
881,26.2761578950931,3,1.7666876689271453,7,69.79493503272975,South,0
882,111.44147228278518,6,1.2153886875024784,11,57.430574814105135,West,1
883,1.9907381292139406,3,1.4596860192942431,10,59.05540097113266,North,0
884,10.993605860137281,1,0.014982257983447609,4,41.03693054500246,North,0
885,160.90184272962415,3,1.0987400794652964,11,44.92098335021273,East,0
886,19.667770945178535,3,2.5321798872915022,9,51.08496685799837,North,0
887,105.76990889205769,2,1.1692805669938868,11,35.90397356629593,East,1
888,27.20486222089952,3,2.63517313432528,4,18.0,East,0
889,10.474003348487132,0,0.5305864066803223,7,50.9470045744327,West,0
890,27.861951641144728,8,3.3548126657190473,7,59.420497320748915,East,1
891,128.1094813097032,1,1.7755583558709573,12,45.82802630692774,East,1
892,193.58363374539294,1,0.4733774979911195,7,36.0613883878043,South,0
893,177.32509999755644,3,0.5402619319432006,14,40.03955781835839,West,0
894,50.61424894750884,2,1.9778866441332388,7,18.0,North,0
895,110.2876778404595,2,3.54320314200723,3,40.00161018956396,South,0
896,22.939341032898078,3,1.0744342792842403,9,28.273727893870504,South,1
897,34.69335886125168,4,0.597622017625579,13,34.505375668987895,West,0
898,226.65986286309044,3,4.034986849146292,6,27.514750895243555,West,1
899,1.3087188396285003,7,2.2128955627475726,5,25.7853384834221,South,1
900,8.938713963044913,3,1.1887242259296258,6,29.9383136286233,West,0
901,23.30502802398152,3,1.3384714836882259,5,54.49227954163649,West,0
902,2.6890535224316885,3,0.45695668190800054,5,37.35315406560396,East,1
903,20.020300329027275,5,1.9712957147344639,6,28.381121607077066,West,1
904,87.47687287443667,5,0.8886484062001626,15,56.31021107091733,East,1
905,54.71863183678004,4,10.872942475326886,7,46.93458161717845,South,1
906,223.18630208218275,4,1.3085588873212437,9,18.0,South,1
907,170.06959030194784,2,1.3306189644751196,10,59.934365133836586,North,1
908,41.8272805169032,6,1.6687385990375778,10,46.08110088204681,West,1
909,30.032625214727855,3,4.971958524512193,7,56.55560893611095,South,1
910,47.753980810853776,2,3.2270736014193186,9,41.621664924585865,East,0
911,89.23177501433052,6,1.1997875737008734,6,69.07035944821548,South,0
912,31.206170981527286,4,2.536661908158245,7,39.271670348110064,West,0
913,97.85622455470876,3,1.7649166092820405,9,18.0,North,1
914,52.663603927981114,3,1.3559932587453292,7,31.659446006627224,North,0
915,80.30673665148444,6,0.42716820949555095,5,52.53208693951657,South,0
916,57.29253950911121,4,1.2470044270319742,9,47.386297887657996,North,1
917,34.87999752623331,2,0.5642446782961745,5,43.162286402327915,West,0
918,296.52672211522037,1,4.926497368256401,8,30.20420893055117,West,0
919,144.2254503732636,3,0.8171603502799918,5,45.276287792798115,North,0
920,15.095449812302085,4,6.084139506430968,12,44.78436580320531,East,1
921,202.85049277193238,5,1.523088845058955,6,44.630263959845045,North,1
922,66.83203296619165,6,1.9968700104105128,9,53.06505177302846,North,1
923,224.95394902897434,2,1.5658831563490823,1,47.72653343075726,South,0
924,160.87144539299004,4,0.27710077223527596,9,41.2155648618228,East,1
925,55.37566192586073,4,0.9426368872963881,8,29.96152725003666,North,0
926,2.272558947754012,0,0.20882440262814084,10,65.3999290584367,South,0
927,31.290054777648667,4,1.950776400490702,10,74.72402103977026,South,1
928,78.00877556797963,5,1.1843396164322908,5,71.16314733888092,South,0
929,100.36973319345364,2,3.010020407549385,12,55.486213301162664,West,1
930,29.825467992893888,5,0.4981294441072529,3,19.873787993073535,South,1
931,15.007441883071554,4,0.3596079972396669,6,18.03997533100096,South,0
932,180.13870871623917,5,1.0428708549585355,6,36.773656663078654,West,1
933,416.06241631872336,2,5.223264448945991,8,44.17872666178839,West,1
934,74.5894546972087,2,2.478659898778821,4,43.56259378862542,South,0
935,18.83548636600739,0,1.085746152048474,8,47.90627749013813,North,0
936,31.787647172893287,4,1.4566045652212336,7,24.11330210245218,East,1
937,1.8561887410766007,1,0.1759429726078821,6,69.11129020622025,West,0
938,245.6888527693557,2,8.343647645565703,5,67.5785803410962,East,1
939,12.5281043846203,3,2.195669010609563,12,25.329691621201714,West,0
940,85.92406688681558,2,0.67207605350551,14,18.0,South,1
941,32.02813286027929,2,1.762853192635727,10,43.65381995977329,West,1
942,80.78355154069853,1,0.23190474833547073,7,63.931357440387686,South,0
943,105.3888633986027,3,6.753204794947747,3,44.51729152306477,East,0
944,177.043919242236,4,0.38422261171141653,4,48.899329598163476,North,0
945,23.120252750453584,6,2.0884204758643805,14,38.40432659345502,South,1
946,1.1056729631697195,3,0.5632792962153197,6,47.1941856571703,East,0
947,14.720807068739052,2,2.528588071433596,10,59.16715698297754,East,1
948,230.27715288531817,3,2.999565568841574,10,51.181638077058565,West,0
949,207.06013520531226,1,2.238159014450261,10,53.632630916350266,South,0
950,90.98443101964925,2,1.9064253717270019,9,20.051482811407656,East,0
951,91.75837185053469,1,4.459953949226526,9,77.07423474688133,North,1
952,109.37342294075125,3,0.16378003294096558,5,20.231192353649703,West,0
953,19.282202863855215,4,0.8036876431170382,8,47.346330306310016,West,0
954,245.82095607713015,2,0.5708026297312974,6,42.74328380622772,East,0
955,54.260963434631805,2,8.848025624087784,10,43.396402648638855,South,1
956,48.311079932786846,3,0.9865929212815119,11,58.0473852209402,West,1
957,73.1716932622681,2,2.6381142139835743,9,34.382837985049775,South,1
958,4.810466429197722,2,2.3086210498873894,8,38.50938558094371,East,1
959,18.186170504927233,3,0.47672057536827006,9,27.80092205481716,East,0
960,133.95390904239633,1,0.5462377455657041,5,61.83238275622659,South,1
961,8.642827567184359,6,0.6605795528969495,12,48.99128131600561,North,1
962,92.42022189851156,2,1.059090421606008,5,54.558271370329805,West,0
963,28.150003360044078,2,0.5339951340019585,10,57.17975778951025,East,0
964,49.31422569251884,2,0.039694281377341656,9,74.8711914092077,North,0
965,34.0652191954146,4,4.230436848533242,14,72.254187378088,North,1
966,43.95484777228535,1,6.739969102812328,11,49.84562435681069,South,1
967,126.95639866386867,2,0.835795306922338,10,47.369440466294414,South,1
968,35.25715396055509,4,0.8265113904347378,14,37.017871950572705,South,1
969,83.56435307057022,3,0.014234158411969072,10,56.162366683419606,North,1
970,64.63597866902617,3,2.280435982479458,8,55.606694384430156,West,1
971,108.96659230926784,3,3.4909723193476845,7,34.05912998444739,South,1
972,276.1921647512969,6,0.3170732690001098,10,55.79674427500939,West,1
973,131.8905271255043,3,0.34791252574943127,6,60.1253174054102,South,0
974,24.19956132440473,3,3.1220885105972234,8,28.17530065575611,North,1
975,3.1679678824257844,1,1.9157403407098506,7,47.84870956380167,West,1
976,30.416930200558788,2,0.09179587240998134,12,44.014065834713506,West,0
977,90.40606518730972,4,1.9486183921737437,4,44.919202400788684,North,0
978,5.279527809977468,3,0.7389927852241153,11,30.71020155900793,West,1
979,68.59059560261889,3,0.9200278829942264,10,18.0,North,0
980,90.84288399875602,2,2.9370178096185917,8,33.668755496264126,North,0
981,40.683187793810035,3,3.3313308535714983,8,31.568125294208983,East,0
982,147.36499591467347,1,1.0228403570900884,13,50.29834601320283,South,1
983,11.271891476467799,2,5.880706243564916,11,50.54269674474636,East,1
984,7.811050579224702,2,1.043310499276796,9,49.68888345230297,North,0
985,130.26474102163928,3,2.9553815295201056,6,24.049039901578094,North,0
986,68.41702266630686,5,1.3228213648260774,2,28.20662438292669,West,0
987,116.6042655733141,3,4.556415821699772,11,35.749909723826576,North,1
988,57.06239991288573,6,4.7667497717530445,7,45.34714518848915,North,1
989,28.289625375853163,2,0.18295205644965265,15,39.97338682007958,North,0
990,170.98236985711958,5,5.513220719721939,6,49.659586493471835,South,1
991,160.652156396019,6,3.492060444297564,8,59.63205475106264,East,1
992,118.64488197091214,6,3.133817609124306,5,30.01059288560503,East,1
993,31.76536149880321,3,0.44856675054740563,10,30.580942512742876,South,1
994,89.21608797234643,4,3.270734468603796,5,47.03039979138325,South,0
995,44.780997557982204,3,3.796010549078797,4,43.76954045536263,South,0
996,9.605073460665322,2,0.6825886247989037,5,56.15045342260372,East,0
997,249.26998435376416,5,6.0839745990246845,9,45.11364989667093,East,1
998,14.713044881952003,4,0.10229218181169096,10,71.1078184475609,North,0
999,300.04906531227624,2,0.3248243486211893,10,21.181878467079283,East,1
1000,59.06010127908722,0,1.5425683420896628,4,57.603252899461225,West,0
