application_id,org_size,years_operating,budget,previous_grants,mission_alignment,proposal_quality,staff_size,approved
1,Large,0.0771143178759444,35609.78415892988,3,High,7.957848013730848,1.0,1
2,Small,13.547980082258036,37097.227436366986,0,Low,3.9869734145808393,2.4578380388485725,0
3,Large,3.4761455705544813,50636.577611692,3,Medium,5.942582819575544,1.0,0
4,Large,3.8758816571975063,55650.12275572904,3,High,5.69252485534556,8.70880333594054,0
5,Small,5.759492090820595,160834.8616303956,3,High,8.975454071316534,1.118853515976686,1
6,Small,4.783626043772356,42984.028212584075,3,Low,6.170562635931477,20.637209130801388,0
7,Large,14.402349131633635,63154.76523618031,2,High,7.6177858402120195,7.405386667995984,1
8,Medium,14.434532585186677,98076.5220531322,0,High,7.092927528295325,12.029397016893125,1
9,Large,10.094515057563694,47437.46843073939,1,Medium,8.7188228399228,5.29086496305908,1
10,Large,5.058554053468432,181133.8778810569,3,Medium,5.521752610994082,8.222991687925186,1
11,Large,8.070978430614229,88540.6604948131,0,Low,9.739230661009033,28.587424650657546,0
12,Large,5.653121377356158,34820.33285070165,2,Medium,2.02867568720137,1.0,0
13,Small,4.259156088880758,125197.04818602682,1,Low,7.714946996002472,2.929462666053864,0
14,Large,0.6876990966965479,75003.02373266203,3,Low,4.266760782671736,15.14074674539855,0
15,Medium,8.335445740289163,76454.84311305161,2,Low,5.014500894440095,1.0395839562399154,0
16,Small,8.591786983681756,65602.08675699675,2,High,7.138828533802071,1.0,0
17,Medium,4.916690923439018,68718.88642763821,1,Medium,7.122804099695486,4.486984431276993,1
18,Medium,8.58586299245102,144968.70049083728,3,Low,7.212856027380143,1.0,1
19,Medium,5.270366767444157,10867.876979124974,2,Medium,3.227684111789524,8.796657939818168,0
20,Medium,1.1576705179953664,40701.05186057793,3,Low,8.89806046255848,2.5653908985070517,1
21,Small,1.600758609779741,7850.5866673085,3,Medium,4.198705763544648,22.604643888762702,0
22,Small,1.2077414187451039,139936.4284666083,1,Medium,4.465425819549601,15.301651049588616,0
23,Medium,2.3681235530970204,31786.895237536955,1,Low,7.275793476333657,12.029906404717202,0
24,Medium,0.19871253433294483,227721.3782175179,2,High,5.426557650477519,9.595741578800688,1
25,Small,4.814997550090253,74776.90963699717,0,Medium,6.616521681124984,19.911796360978535,0
26,Small,2.051540695030601,161319.38144423123,0,High,1.686798606734424,2.5239480508993175,0
27,Small,5.331538269950361,385997.3189033702,3,High,6.568648899038463,20.644255896229993,1
28,Large,2.433890656800175,183126.27052961773,1,Low,6.43566375902443,15.582330394698571,0
29,Large,5.722448780621794,201735.92346543708,3,Low,4.9802829244714335,13.789645951581234,0
30,Large,2.0823110468634525,52422.24541790037,2,Low,1.851848080470421,8.238384457671115,0
31,Medium,1.510220425847287,80234.3031186309,0,Medium,5.574383477036791,2.826867843314104,0
32,Large,3.4262666387320735,29288.03119761153,0,Low,5.925252280402774,5.508630580644953,0
33,Medium,5.902752286710978,21829.66909588139,1,Low,5.26554201933901,15.777970778589243,0
34,Medium,2.1411355743232683,70422.4061526661,1,Medium,2.3276510711350045,1.0,0
35,Large,13.795255995460519,90398.91567210335,2,Medium,9.189468014633832,15.234931298463286,0
36,Medium,0.19987388565373115,41441.188022762246,2,Low,4.722276944111254,2.7452992962283735,0
37,Large,2.705960532693676,84267.67622420001,3,Low,5.555590674154198,1.5584618389080027,0
38,Large,17.144983872740504,218445.08524706718,3,Low,1.181051357563419,1.229603980498705,0
39,Small,3.9700544794061132,81355.72295588463,0,Low,9.189710697396414,1.0,1
40,Large,2.7536476845732736,127587.38157503222,6,High,5.0669001365318875,7.414690733505861,0
41,Small,4.20267388547656,163637.2243508115,1,High,6.196925634148405,2.462329116893683,1
42,Large,4.289219755141083,448550.28782827366,4,Low,8.241474889633302,45.499025488388575,1
43,Large,6.577274077854414,92431.63566598353,0,High,4.647391590566748,8.543417071658428,0
44,Small,0.6830505173888363,164428.8961097615,1,Medium,7.926489974773088,1.4836691898033934,0
45,Small,1.4385200249021832,328740.412272034,6,High,1.8773490881177164,11.671991237783775,0
46,Large,4.343983373871105,288974.70134805253,2,High,7.101973315142627,22.802715668182664,1
47,Medium,10.091416406323287,15208.164533011948,2,Low,9.144484333039305,13.67195885090287,1
48,Small,4.126160295381998,52153.66294526782,2,High,4.839166305563941,1.0,0
49,Medium,1.3629615539237285,39154.75005425194,3,High,8.237763240596799,22.62251357102169,1
50,Medium,5.694746689907849,9093.727136576284,0,High,9.667845304387567,15.795363818430772,1
51,Medium,6.733613940844277,100304.97086583801,1,High,5.490316323891961,1.7233625638068142,0
52,Small,1.3605934130961537,133144.49274423733,3,Medium,5.324943428300278,1.0,0
53,Medium,2.371897034469669,188471.78467699862,4,Low,4.203412508335392,8.148868277478213,1
54,Small,3.8213631239359884,13099.391721169473,1,Low,4.980539689629733,1.6964521578398193,0
55,Medium,3.431465524302811,209106.1398488577,1,Medium,4.36928021945476,17.99333797739041,0
56,Large,2.468352147804838,102981.10136544994,3,High,4.2017778031455455,4.436883832759543,0
57,Large,1.766511577597636,121721.38653302653,4,Medium,8.397670593422713,24.40611656481169,1
58,Small,0.5267186187821852,241490.31288307207,3,High,4.42014794942348,8.339925055064416,0
59,Large,0.27484387056802567,98019.28450109335,1,Medium,6.517043829439246,2.0171526601788035,0
60,Large,15.915311384501187,40927.11275447669,1,Low,6.076466870432475,1.5035656517822455,0
61,Medium,9.39126688922064,174358.2815632953,4,Low,8.996189125142244,8.591366844995473,0
62,Small,2.191789907289477,45107.85825108989,0,Low,4.993687535889973,14.349956990567536,0
63,Medium,15.709676364901583,3482.761222072143,4,High,6.7622960933086445,15.209951125708592,1
64,Medium,5.646954195856502,177581.4311027555,0,High,7.582139404552218,3.22628865983532,1
65,Medium,3.2939311853164446,42341.343734647526,2,Medium,8.979499214641162,2.2846613983063913,1
66,Medium,3.396474418582569,148648.83494120374,2,Medium,4.964493309909466,1.0,0
67,Medium,0.4347900440428259,45060.56244506638,2,Low,4.764215062535239,11.369347571116364,0
68,Medium,0.48092562220552365,197377.08179595016,3,High,3.8764378920798945,1.0,0
69,Medium,4.612058709222472,24783.402416684883,0,Medium,10.0,5.4604045425271455,1
70,Small,4.033853732972953,367093.2083954063,4,High,8.768944876360775,9.205050095267358,1
71,Large,1.1959067033540969,151303.18550867552,1,High,5.915597211375913,27.663513339682616,0
72,Medium,14.611901917662944,12130.690385376127,3,Low,9.862878302254114,3.736788907612831,1
73,Medium,7.600181461729462,83419.61767567416,3,Low,5.796273211268685,2.873783351799764,0
74,Medium,0.6021711211134878,422449.7365289538,2,High,7.448820942867059,10.617794847427378,1
75,Medium,13.363109240234587,63689.05838787523,1,High,6.020343803445441,9.655834814591334,1
76,Medium,18.296255414065794,20102.39275120707,2,High,6.795610903500942,4.036314652214669,0
77,Medium,27.52208746628819,66315.81158467036,1,High,6.583522885067094,26.325045432289325,0
78,Large,0.287463167305611,71837.81325869315,1,Low,5.150029253246701,18.634423465434416,0
79,Large,6.678682264341442,135358.3035166081,1,Medium,8.184997076170706,2.5358026660996376,0
80,Medium,3.9473628493904043,120013.30295752732,2,Low,7.431904835367802,2.733092519831577,1
81,Large,6.118012458823182,51508.4753658141,1,Medium,8.055389187002957,7.180555275378216,0
82,Small,17.31301511285082,24593.008809858748,3,High,6.640454370998692,14.853287146737328,1
83,Medium,5.824241411286637,103579.0086414754,1,Medium,4.186860236445732,1.0,0
84,Small,9.068917361431073,54766.93174954097,3,Low,9.418772133115404,11.81999833716214,0
85,Small,10.082097297931425,14188.183054528663,3,Low,5.474887532865148,10.447944910609738,1
86,Medium,9.115655167959556,230832.4544544276,2,High,6.728134057136829,2.632888164208462,1
87,Large,2.776426297778351,117513.2245751393,2,Low,7.270762717644538,11.436714135394109,0
88,Small,1.2588496301207517,114943.36621504225,2,High,6.714843432435238,28.1646857478081,1
89,Medium,2.5263023728275,172925.73220964996,2,Low,7.830834042460548,1.0,0
90,Small,11.12334979393159,75430.3010584528,2,Low,8.146755844632997,3.851509282832677,1
91,Small,0.792662791115682,168769.37047722025,1,High,5.550332993905504,5.765679210026686,1
92,Small,3.6008056559564205,68933.595952025,3,Medium,9.250934683911295,22.95215901552552,0
93,Small,1.3278293915989072,6953.809143059697,2,Low,5.46619289167747,32.77073070702632,0
94,Large,4.353067721232859,51961.09150546597,3,Medium,6.673498097761577,5.871942840876828,0
95,Small,9.94392987039373,68808.97787626069,3,Low,5.224643632791537,13.864080161471433,0
96,Small,10.616338915437494,127368.94434991688,3,Low,4.65305295469842,7.5856293705352815,0
97,Small,1.3504237129787076,11269.706256676543,0,Low,8.08838217758173,7.717206600176871,0
98,Large,11.91321476445814,15084.444654884752,1,Low,10.0,3.2586798209096175,1
99,Small,4.481077213930701,30609.563652620996,3,Medium,5.276480223359366,2.445667044298106,0
100,Small,2.155593683140937,30992.54910414207,0,Medium,8.430643149356158,3.396848759186314,0
101,Large,6.158111010716036,131745.7261345222,3,Low,5.3481773745996115,8.126697446474296,1
102,Large,3.285686814517824,28865.67613888822,1,Low,5.979030046287991,1.0,0
103,Large,2.373976174350247,100266.06692413933,0,Medium,9.515167544463344,23.778361959572685,1
104,Small,6.105329721046148,68175.99620062565,0,High,3.852929429849388,1.6993898965249628,0
105,Large,1.4299119515196101,85166.09137622497,1,High,3.3236818627537543,2.485750540581533,1
106,Large,2.004272733144492,182081.9428354386,1,Medium,5.825602702473701,7.303843093292514,0
107,Small,2.849799157081282,51815.49201405262,1,Low,7.327312055875349,12.382701803203462,0
108,Large,1.4630186456163983,147364.63505736314,4,Low,6.927333143361763,1.0062624529338822,1
109,Small,2.5976678638861808,54824.37990217899,3,High,6.721358351385992,3.822780637519447,1
110,Medium,4.237007956227107,43675.668752847494,2,High,6.068263963023155,34.63326186878068,1
111,Large,6.754131496250812,318513.107055408,4,Medium,7.573080053967839,3.042762870350528,0
112,Medium,7.287767273645454,20379.558701718088,2,High,1.0,3.7549398078207896,0
113,Small,8.652108973224585,9468.103439317936,0,Medium,4.498389389824519,18.10933056993456,0
114,Large,6.817024807062513,147397.18167727574,1,High,5.812775181433104,1.0,0
115,Small,5.713438898754861,7069.042439431546,5,High,7.4090695982050185,6.247657444048967,1
116,Medium,1.3558062873876442,181448.9801174646,1,High,8.979530280137134,4.774178700494807,1
117,Small,2.555985904524187,57481.92202592899,5,Low,4.229800583665719,3.8065556563531096,0
118,Large,3.247708270758033,247116.56191627553,0,Low,8.914157251073135,3.3645166849540864,0
119,Large,0.43264649345853146,127845.5219832944,2,Low,5.094876661597274,1.0,0
120,Medium,3.7578037814892964,94264.66862587027,0,High,5.740180434038628,3.780822093192324,1
121,Small,2.866483254717165,298196.34416281484,1,Medium,7.1628650375952265,1.0,1
122,Large,8.10020081662987,50525.67803515303,4,Medium,5.593527841386454,15.185185565878669,1
123,Medium,19.061039656452653,308100.55954288493,0,Medium,8.220235213332636,5.0787630056196384,0
124,Large,4.0597103245420705,14502.724883887064,0,Medium,5.190791709773713,5.868140362346118,0
125,Large,1.9481043796365995,66117.37075031499,2,Low,5.220930017439332,22.404988241408105,0
126,Small,0.2218538328595765,31458.913907260438,1,Low,8.103959908418664,10.73105326368696,0
127,Large,12.92761420277801,77618.70629119898,1,High,4.473751223464683,1.0,0
128,Small,12.57367864697706,17675.3739366999,3,High,6.49785819063332,28.677757937408597,1
129,Large,1.4583846597013843,184218.7834469696,1,Medium,2.679034664612352,2.7068660504498023,0
130,Medium,5.94396178140617,187345.45618826483,2,Low,9.63927870412238,1.1385671161940496,1
131,Large,0.3921571624439769,310635.8020099346,3,Medium,8.413103872473549,14.615705530173795,1
132,Small,0.9089011081668945,16803.072792234307,1,High,10.0,6.941022682444549,1
133,Small,1.2218940762106596,97639.25787026306,1,High,8.67672746289277,5.687559225230869,1
134,Medium,1.7441996388389545,64290.532527150564,4,Medium,3.740699540799037,2.8701973142502353,0
135,Large,27.400845204015248,42217.96185768693,2,High,7.337299720321184,7.929045119978101,1
136,Large,5.968875818364541,43315.52064173811,1,Medium,4.1639824755563914,3.2073516376155493,0
137,Medium,2.4241800873997637,53237.88184430196,2,Low,9.156075014106197,23.185417793393896,1
138,Large,6.679921160422584,122052.75805475096,3,Medium,3.7977194240448555,2.42332078868061,0
139,Large,12.340503815839163,91201.50313935638,1,Low,3.7016902315204048,21.572314261494302,0
140,Small,15.934755357305013,61559.652209918946,3,Low,2.7803770926066265,8.196301590958837,0
141,Large,0.29802766315910806,7897.114323758954,0,High,5.023240357473997,17.631028246544552,0
142,Large,2.5086835882069254,8095.558030053041,0,High,4.621044350432857,12.477366073530867,1
143,Medium,0.5644778648094394,234.21312751622133,1,High,3.4767017883214693,11.930167465037073,0
144,Medium,2.0448065495036145,343266.9107975828,2,Medium,9.979618208487048,3.9207388367019025,1
145,Small,0.9297199729062954,526.7668394087831,1,Medium,7.059761392773289,2.664385640793184,1
146,Large,5.204288719721037,10880.393299113646,3,High,6.824469079713423,2.368447704086039,1
147,Large,2.4573081429298878,37774.76459321444,4,Medium,9.178328838495853,19.462518068308054,1
148,Large,1.3028951418329755,164729.68626547008,0,High,6.512515584085869,17.17172467556121,1
149,Small,1.5458084152506524,327277.21295208816,3,Medium,4.502639596989721,5.808431772250798,0
150,Small,2.2341322965666057,156071.23160246265,2,Low,2.5995805149646865,1.4202981758211584,0
151,Medium,1.5051867108970032,117299.18178991099,3,Low,4.389885215313193,4.816750795712292,0
152,Small,3.0187343925579135,73668.25768055969,1,High,9.010831201016925,9.658577648374127,1
153,Large,0.16424820379343363,9069.65719275069,3,Medium,3.48932776862768,6.0587495414106645,0
154,Large,1.6408782931930168,317416.0451487563,2,Medium,6.706254475995753,15.14988414196257,0
155,Small,2.6484006307869477,142044.0414182972,0,Low,8.067850286171115,60.41841314849344,1
156,Large,4.616348668049868,101873.71236470155,3,Low,6.570689680886503,2.121196489858922,1
157,Large,1.5801172255782467,142310.70932296038,0,High,6.797966657581167,6.15539718139031,0
158,Small,0.7146492445194739,128772.88647876239,2,Low,7.311207825746853,5.638465533769664,1
159,Small,0.39630045948131637,101399.06091534821,5,High,6.7585617436452985,3.6311353115427814,1
160,Large,14.111570096921177,394128.7060381331,2,Low,9.218148344946563,2.2076577636334553,0
161,Large,2.6947458613075916,233680.19975195028,1,Low,3.919416543544779,1.0,0
162,Large,4.351362758868579,104033.84346615443,3,Medium,6.480849753677572,21.81423922764327,0
163,Medium,12.577440777500115,118147.84156764272,2,Low,2.3635191320057047,5.4446634340323286,0
164,Medium,0.43186746623259364,5297.450331047793,1,Low,1.8525076256269255,6.869574137528206,0
165,Medium,10.46411278443559,110841.25483691352,0,High,5.836657938296033,24.88216700377048,0
166,Small,4.01021271042007,4517.04329039732,3,Low,7.086759137889514,14.974068432916816,0
167,Medium,0.9006254208573039,88737.2321459914,0,High,9.26133555447513,1.398383990326563,1
168,Small,2.6488116214006667,734393.6688190108,1,Low,10.0,8.333751570099233,1
169,Small,7.516439926260361,81149.51840142383,4,Low,8.639721341330961,5.838485272906607,1
170,Medium,3.2731920833962476,64095.351598184556,0,High,7.454331488796057,15.955896072702716,1
171,Medium,21.094796504157785,37520.973761243324,0,Medium,6.319929711547631,12.88197332232794,0
172,Medium,2.363949295411745,12842.738743248789,1,High,2.937543873633245,11.724926190622618,0
173,Large,6.923044910368335,131313.1901238525,2,High,5.707926788516403,4.163412931841532,1
174,Medium,2.4960455291565076,21393.48664342599,1,High,8.580753502516451,16.34569739761324,1
175,Large,8.835262694623285,12248.635283569583,3,Medium,7.796563712056081,1.0,1
176,Small,4.209181151660102,54777.08712888253,4,Low,3.4273317066341034,1.7390694090264684,0
177,Large,0.32809194440462974,158641.41939125553,2,High,7.228051294516961,4.0890593042049685,1
178,Medium,0.1875845389787807,136674.48957497044,3,High,7.056785623735441,1.0,1
179,Small,0.7184981074423448,5644.614189740741,0,Medium,6.699780240229475,2.678719648367705,0
180,Small,0.06883143418138044,60723.316134680164,2,High,5.944288889245331,17.728453718395574,0
181,Small,0.3917489509125185,73905.41149833189,2,Low,7.331167933888387,29.61360563028505,1
182,Large,5.883643218748671,103436.1263738738,1,Medium,7.394626077824797,3.6327144706753733,0
183,Medium,3.8215650026962313,105030.03829695392,2,Low,4.717082469137189,3.0722622657984817,0
184,Small,6.929687113549361,45365.36212011655,2,Low,6.910028122764191,3.2835498398327223,0
185,Small,12.218770879450583,82252.08149466207,2,Medium,5.621209718505573,3.253411400682786,0
186,Small,4.399185712692172,65597.06396193162,1,High,3.025532264507514,1.0,0
187,Large,6.475341533189765,216280.88596190998,3,Low,4.876785929923672,26.161505532528253,0
188,Large,7.075140281354252,75558.68554382132,4,Low,2.8726206293091496,2.4041451647522325,0
189,Medium,2.372874703140095,58166.334191541195,2,Low,7.9601870701402095,5.447341997446268,0
190,Large,1.379326381916583,51832.94567016563,3,Low,6.7117787551086385,1.0,1
191,Small,1.147350914713375,84963.20211001062,3,Medium,5.28901877758811,19.516120102193263,0
192,Medium,1.448035884796759,162952.31746123335,3,Medium,8.841042686577296,13.136289941390855,1
193,Small,1.6060687869995833,77305.97925213356,5,Low,6.135981815162333,29.328708174110453,0
194,Small,1.161095858554039,108368.97114719784,1,High,3.137554488066251,15.214979130645576,0
195,Large,10.527723109207326,133886.0418704612,3,Low,5.121042919632378,3.7644991775028256,0
196,Medium,7.073451321701324,73431.94653386947,1,High,9.265708374546584,2.848505632647416,1
197,Large,0.24015871512125536,55655.034037048936,0,Low,4.661048749821713,11.963893235849605,0
198,Large,1.5644693928385411,209285.41123026516,1,High,6.5504425775156605,4.527340505638212,1
199,Medium,0.11217262286123622,54043.65382799041,1,Low,7.487753249029277,8.352062956481543,1
200,Small,3.447421352525473,61979.04987659685,3,High,7.179896969109885,1.0,1
201,Small,3.233328843155056,463989.75967063656,1,Low,10.0,1.0,0
202,Medium,8.900285748113353,23.755178907675067,2,Low,3.6473934861534625,7.665094579735908,0
203,Small,1.8392373366018855,20514.7591304959,3,High,3.847073838934394,8.348758424915397,0
204,Medium,8.4745905444794,48444.96969065321,2,Medium,3.680491105795734,13.921230930589754,0
205,Medium,17.205999410269687,269696.05604780675,3,High,5.40816315796623,1.415236107696662,1
206,Large,0.4628150122804279,7260.263500892858,3,Medium,8.198754776364902,7.19867168589165,0
207,Medium,7.846709053822812,953.0706872409908,2,Low,3.9365308404069776,2.162270808754842,0
208,Large,4.457452785559081,5412.238298984118,0,High,8.226721011887877,1.0,1
209,Small,3.270074347132298,9271.131146503902,3,High,6.070253339855474,5.284734242728347,1
210,Small,2.7282567934328634,3832.1761465963814,1,High,3.7820066135781527,1.7833349739169633,0
211,Small,7.677877407965941,65350.603052668455,1,Medium,2.497260086864287,2.507485603759049,0
212,Small,5.099394054107423,86930.50691894385,5,Medium,2.9448590123813476,3.82072725625598,0
213,Large,8.174924054297287,31702.433840709815,2,Low,4.6682931835321515,3.002789486528123,0
214,Small,11.673014101423282,50797.532967571744,5,Medium,5.661697648513359,1.0,1
215,Medium,4.802045351456432,9617.982645995784,0,Medium,8.692125953460902,1.0,1
216,Medium,19.677155521719612,41003.12126575825,2,Low,7.5981764243764776,2.147407232088884,1
217,Medium,4.6835878514068385,73923.13117738288,2,High,4.322117495839396,1.0,1
218,Large,5.061865470979772,131778.3019038959,3,High,6.817330566744337,9.847222065369943,1
219,Small,4.046333599070031,335.19736348833226,3,Low,9.30309253838448,3.387321915090622,0
220,Small,0.47706242596903037,62981.70765224025,0,High,9.74783484206007,3.281513066563162,1
221,Small,6.480386238579517,35240.24788653086,1,Medium,5.3711879768928075,4.034645519124719,0
222,Large,3.964244320475297,191611.13288663124,3,Low,7.916576859410004,10.870680037153647,1
223,Medium,2.997468656572457,125720.94427461467,1,Low,8.779910733775647,20.45108766466717,0
224,Medium,12.06597896743599,88942.61734980476,0,Low,2.9858561536432258,14.233191265636467,0
225,Small,1.768820576440974,32471.354577315415,1,High,4.975185825680606,13.002239375134241,1
226,Medium,3.707511095209075,241172.0525332144,3,Low,10.0,6.624069126420685,0
227,Medium,5.980715540985926,4614.936523172252,2,Low,5.397927779758192,11.835349440859106,0
228,Large,7.959752946197078,11593.579137714905,1,Low,1.0,8.046652104884366,0
229,Large,3.074886277520101,49697.22604888005,2,High,5.758076379226555,2.4366586095743963,1
230,Large,9.228694947313368,13288.880746585943,2,Medium,8.249250998231723,2.3393705180809046,1
231,Large,7.32490766823259,313305.82292222144,2,Low,6.013020873601792,3.515339058581958,0
232,Small,0.34265762810875094,159943.47223016887,0,Medium,7.430727893601268,24.16904183452264,0
233,Large,0.23473097525408904,29973.124181680872,5,High,7.8764439953114636,7.9277933549333435,1
234,Medium,4.848532496391083,88807.80512023284,2,High,5.290125097135435,13.239033078988914,0
235,Small,2.1340572044483093,403591.61430517235,1,High,4.961214027171248,4.255026655175801,0
236,Medium,1.1731133695540525,215588.18894564683,3,High,6.306881951908544,5.23768642197926,1
237,Medium,4.333337127555405,91828.884287454,0,Medium,6.355557845859762,1.3417797720071403,0
238,Medium,2.089433769939907,234053.58714786245,2,Low,6.108153639693943,1.8789098670214899,0
239,Large,3.8529866069411076,452681.28805789613,3,High,6.190313045364928,17.56526821845116,1
240,Large,3.0820341427913265,136005.29890373824,3,High,4.502907730758524,8.790879950259509,0
241,Small,4.394566586959084,6719.421448667387,2,Medium,7.500573820161896,4.117837274302005,0
242,Small,2.556632820330517,51346.28255034365,1,Medium,7.198463894225933,16.237965510412195,0
243,Large,5.981140588198578,181908.38137810436,2,High,3.327983266729084,2.830526788331939,0
244,Medium,0.9926649076981104,26210.425281997406,3,Low,5.221675365828066,37.31064819276881,0
245,Small,5.961892497777347,177574.3518530938,1,Low,6.186159745078893,4.228416206538512,1
246,Large,2.6522616547240974,12821.840248274739,4,High,4.931373995447651,4.114494096024003,1
247,Large,10.36998613862228,4808.303924640457,4,Medium,7.2747439551755875,3.738384049677175,1
248,Large,3.6204660879357826,48465.54228450836,0,High,5.866234923085725,1.3023570471692822,0
249,Medium,18.080068988165173,3742.3543953382127,1,High,6.338145058910373,1.1781232683387977,1
250,Large,4.605704820546034,315286.01838811976,3,Medium,5.198581385033854,10.444225414751077,0
251,Large,1.267041375070376,174988.28388050426,2,High,2.0135623531787705,20.80386344329705,0
252,Large,8.623981111826595,161329.37723659864,1,High,1.8993033568751008,15.631294454706733,0
253,Large,2.116231003257693,99365.2245278212,2,High,7.179219093384055,1.521116198154101,1
254,Small,2.1356343033287635,24375.963875100017,2,Medium,6.533824152978788,7.887380677014347,0
255,Small,0.16160718367110222,73035.14907077608,1,Low,6.877324412702169,1.1159272445316526,1
256,Large,3.978284475936219,90949.90288673902,1,Low,6.268945684125827,1.0,0
257,Medium,3.822394321821359,74450.67947471698,2,Medium,6.429134806747029,10.682359354253917,0
258,Small,2.200216648925316,30142.050461766317,2,Low,7.938046747237577,7.660455263797392,1
259,Large,11.231839691193866,72411.77028978904,3,High,6.8892387448028245,1.0,1
260,Small,0.689122392577856,67567.34215394956,1,Low,8.081818700612226,1.0,0
261,Small,2.0031305247849573,560913.8645921067,2,High,6.342923682453194,45.811034677003704,1
262,Medium,1.9399639449497257,227726.9728463229,2,Low,5.399236518960458,1.0,0
263,Large,0.48415490243650133,62246.64642872274,3,Medium,6.388405724312491,5.879375317722403,1
264,Large,3.2806578887694746,97534.4012315748,3,Low,4.327644237025407,7.024281651828355,0
265,Medium,5.820311599060998,137781.68136551022,3,Low,5.240306142176182,1.2474739689554746,0
266,Medium,3.5836863945722097,3548.745707688148,0,Low,6.355142617280074,1.8519982917627407,0
267,Large,0.853809238422158,225304.7029788357,5,Medium,6.3286366638020235,4.335637118626047,0
268,Large,2.3683393940157775,196701.90984427583,1,Low,5.787162239994023,14.341236671587666,0
269,Medium,0.012991986479395168,61144.20360059689,0,Medium,3.2236305796515867,7.074133076802647,0
270,Small,10.136185380027058,49621.58121703472,2,High,7.272819092841429,10.15840039116959,1
271,Small,0.44151746258834323,31877.292248211135,2,Low,7.668456813199098,42.11410323801596,1
272,Medium,4.547544928132548,64755.60866881959,1,Medium,9.287380990504477,14.610413356644482,1
273,Small,21.436126873305486,4539.144308069095,5,Medium,6.883551993177463,5.69800094123287,1
274,Medium,3.8457224078772203,191185.15186985533,3,Low,6.002923668382966,5.91388603334583,0
275,Small,12.887857758226229,3606.4960936632433,0,High,3.9739409807797004,9.643578597299904,0
276,Small,1.3467001585396106,39906.26954173004,0,Medium,8.984035738722111,10.947155162141913,1
277,Large,7.134652884023546,268222.8786614193,4,Low,6.495665953748047,6.945700440235693,1
278,Large,3.7885965536958333,132882.82450470625,3,High,6.386746347650913,10.352466442487371,1
279,Small,6.37405226383052,33043.78251688204,3,Medium,5.4918876036422954,1.0,0
280,Small,0.3218466106559397,29122.04504153089,1,Medium,5.364060867130275,5.61457494656059,0
281,Large,0.7993128443734734,509.5097812126752,1,High,7.376533468101694,3.270302592180325,1
282,Large,0.7142558851314874,118978.81927838629,1,High,3.957118754682816,1.3831360375365995,0
283,Large,5.8104049977372725,5001.367310815847,2,Low,9.25086371831756,1.0485676790311798,1
284,Medium,9.303640468268625,76057.52471374399,0,Low,8.815052915076745,9.243031598516794,0
285,Small,6.923802330864126,327338.40867839195,2,Medium,5.291876906265822,7.4149859001678955,0
286,Large,0.1547304069201522,11593.720780650096,1,High,4.272270868253915,2.9247235019573106,0
287,Small,10.09511928800433,224885.41163661977,4,High,1.9695880232891714,6.366724447226341,0
288,Medium,2.1859142277472876,476479.15697874705,1,High,3.4971722550315465,6.777312493544942,0
289,Medium,2.5305490743295476,6349.056509055668,3,Medium,7.459822985765749,2.169241574501678,1
290,Large,0.5539269437282534,214478.05464252757,1,High,6.630683717801308,10.558202541706985,1
291,Medium,6.685715712479348,72583.36509741214,1,High,6.987307130612176,15.183153812678025,1
292,Small,1.006200211566316,236994.05854812867,1,Medium,2.308840729351677,15.676413891909425,0
293,Large,4.150164873305435,84704.20909113444,3,Low,5.208368759794672,9.224844501664567,0
294,Small,9.185143750096255,108504.08292690237,1,Low,8.734545612564165,7.166995376527559,1
295,Small,0.467183487260647,78477.77360870648,1,Medium,5.807945189361293,1.0,0
296,Medium,3.832198884742982,199873.1096185555,7,High,3.4554105307520295,3.3944045582080578,1
297,Medium,1.32775335343397,132392.03769795992,3,Medium,5.776795338314197,1.0,0
298,Medium,2.099799745018896,73659.82785216994,1,Low,4.457965163269501,33.193361681846206,0
299,Medium,3.2119846115394406,202617.23115315245,0,Low,6.667358119890794,1.4511843093921515,0
300,Medium,2.1933334288673447,28141.578968204907,1,Medium,6.0410907577754305,1.6460983138227558,0
301,Large,5.232322271674176,17119.250668853216,2,Medium,7.086593328164581,22.034333770789086,1
302,Small,3.2656156984409996,17482.98164883493,0,Low,3.564152746469775,28.811237553764663,0
303,Small,4.387748321476651,40647.893997991865,2,Medium,5.102566862669803,14.517038288236193,0
304,Small,6.674632380074828,27271.4686444676,0,Low,8.180868682798218,1.0,0
305,Small,4.079312290684225,266055.1592199015,3,Medium,3.291439891129037,1.0,0
306,Medium,4.4159173132705885,11186.394365302498,4,Medium,3.993775967920043,4.749772086724659,0
307,Small,4.155826460471904,120061.42440740684,1,Medium,6.398594619984128,1.5477880873829957,0
308,Large,2.3802906113842064,20976.0430846232,3,Low,6.573459678167582,1.0,1
309,Large,2.0582723679115538,213400.02270928994,1,Medium,5.02230031451446,6.237455461830037,0
310,Small,11.49532633154239,325231.0800534315,2,Low,5.4431342347223,28.657905206058288,0
311,Small,4.676797226997768,62636.743927731455,1,Low,7.066451123111284,3.912953375190108,1
312,Large,1.4009057440151285,211255.5653631418,1,Medium,7.699270003519735,10.82170238345595,0
313,Large,3.448243515364737,515.8452724016739,1,Medium,3.8615566694204815,10.562293301078082,0
314,Medium,2.0049891161096687,171450.35682790214,2,Low,6.7286390412559,2.891232486677425,0
315,Large,13.567210337608294,25958.085173962976,1,Low,9.024032000011445,10.510378598451187,1
316,Medium,0.03781444912643907,239361.88317837953,2,High,5.7682158772777345,2.3868110420073045,0
317,Medium,1.2766087912883952,112.0739273816501,3,Low,3.840321692422962,1.3011712909210953,0
318,Medium,2.273461793863118,81234.0113494012,3,High,3.7478161823455673,12.085944194211748,0
319,Medium,3.3452962006492286,141319.62077899888,1,High,5.678525117376273,1.20407395520169,0
320,Medium,9.512925049380975,29933.41357705006,2,High,8.071694609735237,57.793313363384,1
321,Small,0.4599603889631214,21459.62643998157,1,Medium,5.918488300306758,2.026700720677489,0
322,Large,8.196004511186974,8784.61520097119,0,Medium,6.378463959811856,9.017515960965781,0
323,Medium,0.2863105691493736,39516.86636492604,2,Low,4.007316635652392,5.299652423024624,0
324,Large,9.235748944811737,82062.6778993154,2,High,7.966235265953095,1.3511713199421886,1
325,Large,0.2650816681241397,12312.159934067642,2,Medium,3.7086828576692903,1.0,0
326,Medium,0.09205463608533483,47271.98941342093,3,Medium,4.991007031456734,9.74800217010468,0
327,Small,5.969476473254186,911.3809533961244,0,Medium,7.259829724092588,16.438097321984507,1
328,Medium,29.490845192219215,170748.8656906664,3,Medium,1.921137003360136,18.452593743286304,0
329,Small,11.346247884509088,13748.057248669671,1,Medium,6.347922299371416,6.591583473088182,0
330,Large,4.290090460833586,33315.78628030685,1,High,3.9218528672164377,15.026280499077835,0
331,Small,12.468462447604278,1859.962430751176,2,High,6.0330987978182264,11.173277356339973,0
332,Small,0.02657050627731103,56605.7865442198,4,High,5.295888784576127,12.882770398378335,1
333,Small,18.45784793542426,183334.11443651907,1,High,10.0,6.784536712785032,1
334,Large,3.3740691337133466,49782.91309825613,2,Low,5.2137576216001875,10.035159687541642,0
335,Large,6.416813703398355,19783.81063291384,4,High,9.685302745766684,16.374563565532807,1
336,Small,8.59797939722065,140120.02400078124,4,Medium,7.17390458236675,5.073054527727697,1
337,Small,6.337355259661631,155498.27857965766,1,High,4.397082058540543,16.397883674180594,0
338,Medium,3.82898435079956,19086.209394619636,2,Low,6.661621850519514,8.965293867758158,0
339,Small,3.2372325782581206,147339.6397670566,3,Medium,5.391180507324377,1.8140320785040267,1
340,Medium,9.118807332117209,294309.9753200413,1,High,6.484314981482468,1.0,1
341,Small,1.1475536451175592,18197.472126707715,3,High,4.572218025133466,4.505988856424646,0
342,Medium,17.209169858141088,147396.4686217464,2,High,9.380355266691915,7.9119302112624466,1
343,Large,6.205820856482537,123296.23177787916,4,Medium,7.850796181593449,18.314592948871727,1
344,Small,1.1126370017355436,64164.42961645832,1,Medium,6.0635631363231814,1.363762125935283,0
345,Small,6.663714581642227,5966.557119625827,1,Low,9.458229536139068,16.104701834604505,0
346,Small,3.7734113299124172,7763.123684559245,6,Medium,6.148558488165698,19.878403850218557,1
347,Small,6.1418414392435325,191334.86888120396,2,Medium,8.19524992972233,1.6332806499590478,1
348,Medium,7.300339669340853,462011.86344626534,3,High,6.076601175044849,19.078056693603372,1
349,Small,0.4566863989099137,112717.30638114932,2,Medium,6.787775189621157,47.622413746784424,0
350,Large,3.527151109568893,59051.53369624894,2,High,5.837122438114441,12.97693295531871,1
351,Large,13.442292557974953,104291.35960083247,0,High,6.190602707747874,15.360465769048048,0
352,Small,1.9330366363671634,90237.76177546749,3,Medium,6.341063720775998,51.87718754300288,1
353,Large,4.505571118884053,48387.906607406614,2,Low,4.660536335023213,9.300886126416735,0
354,Small,2.3040737352429286,6787.864736599039,1,Low,5.197862666153824,3.680051490040255,1
355,Small,3.028136076624641,172323.92148886647,1,Medium,5.566489967027656,18.172670433771472,0
356,Large,3.977041609423742,46495.00668115976,1,Low,6.459422033604593,9.5317719304486,1
357,Small,3.980574804234198,170807.46575907452,2,High,5.938841960993066,8.703508729226204,1
358,Large,1.1265448602956414,29103.26790545415,1,High,8.346065067651415,2.925412665885079,1
359,Medium,5.769116994413805,103.00101239815,0,Medium,7.694236637959282,14.119579502452781,1
360,Small,0.4598534224900971,17309.023677516325,3,Low,5.607344887949255,1.0,0
361,Medium,0.7472864004737302,63212.62453210327,1,Low,8.763567794903878,25.808063378076817,1
362,Large,0.013572902782280502,288784.0393744463,3,High,9.746041247150913,3.9426327472665523,1
363,Medium,0.6204296469208481,10780.084605866488,4,Medium,1.9123474101557658,1.3670746275977452,0
364,Medium,3.2043507609798123,192558.65018576584,0,Low,7.864580170132559,5.840534017931985,0
365,Large,4.65831492241062,74871.08351533204,2,Medium,4.614031605337002,1.0,0
366,Medium,7.906425975957417,174824.47144504797,2,Low,7.601496042646598,11.539966588373323,0
367,Medium,0.5641598440905742,35435.5394731316,0,High,8.476475881292863,23.300129249535914,1
368,Large,9.50990758223377,183225.1297462147,2,High,4.246014810978896,18.1561992206125,0
369,Medium,6.85160361938668,148202.48613203978,1,Medium,2.295345801968479,1.3624303546181251,0
370,Large,2.625622611958711,26143.448478747723,1,High,7.67086817643173,1.3498517698021437,1
371,Medium,13.510693574585357,14079.787413801425,0,Low,6.270804964967223,16.789728003797087,0
372,Large,23.513626470361512,202536.49754348127,2,High,2.6631224921947436,25.803732665890845,0
373,Large,1.1470772056346097,330325.39475570776,3,Medium,10.0,6.174273350060343,1
374,Medium,2.3839617827009754,3180.2701060461036,0,Medium,7.248838824513104,6.910915286882932,0
375,Medium,13.048909974899136,131404.83701371067,1,Medium,7.3402000802503045,3.831099198777335,0
376,Medium,6.393419805278979,240267.63041622302,0,Low,8.731635505124096,22.468204335114173,1
377,Small,0.24644832530763133,194743.19510563067,5,Low,4.838352094306996,10.35364020684013,0
378,Small,7.605177723407453,333879.9432514595,2,Low,6.260908224177354,3.4003076872720883,0
379,Small,8.799585910061122,142750.842598175,2,Low,3.361356172440474,3.549376981875698,0
380,Large,6.941520391552776,58393.18764406428,2,Low,4.784103105429631,22.182446161009835,0
381,Medium,8.03563120502065,37389.66622263142,2,High,6.771320000938475,1.0,1
382,Large,8.718638725659329,38675.534311869924,2,Low,2.6694306657350957,3.8968020684945297,0
383,Small,1.0314628177693355,128888.7009605932,2,Low,4.727420908643838,8.082363805886311,0
384,Medium,1.3439204872617305,136977.95328378727,2,High,4.1441320801245585,1.6042402193716063,0
385,Large,5.022312505476798,22359.258154908865,3,Low,6.28418449124069,1.0,0
386,Medium,11.922563279511389,202588.4194722666,3,Medium,7.149402523330697,16.88894252128813,1
387,Large,1.9004240184272048,125499.96086189777,2,Low,7.484305608752914,22.481384677450524,0
388,Medium,4.437382827654926,82725.08199570137,1,Low,7.997633289556301,17.350375351546155,0
389,Small,5.7439846221261694,63777.389486274726,2,Medium,8.744233693144743,22.905368626612525,0
390,Small,3.0069310159125253,78358.14397471963,2,Medium,7.214490907366812,8.05447210285309,1
391,Medium,6.255015549744353,17345.585942338836,3,Medium,9.77467179778883,16.72687243549508,0
392,Large,11.496325316592952,22778.084857124846,2,Medium,6.239005042529364,4.845775360116759,0
393,Small,4.892181181897871,9559.115872201488,3,Low,5.653357691498904,10.974165882399827,0
394,Small,3.880264751844504,16683.179083540315,4,Medium,7.21461472672008,44.95018989015621,1
395,Small,2.887896764560181,60457.53518183685,2,Medium,5.5671776500148225,2.558316892661553,0
396,Medium,4.307666689080562,75577.68979100969,4,High,9.705129457550099,4.941319849763273,1
397,Medium,2.195335304689934,1802.3341492296875,0,Medium,8.261966946270423,6.540175817691546,0
398,Large,2.483644835767643,159355.38736894104,2,Medium,7.500556288399029,1.4851797486041176,0
399,Large,3.7949124942184556,34837.79923797927,1,High,6.262838688082701,1.0,0
400,Large,0.3447096088753555,242855.69590887986,0,High,5.185045657170274,17.70327971154374,0
401,Medium,1.3004991920933784,342686.18224482756,3,Low,7.402650009135519,37.633604791854204,0
402,Medium,3.913711031816166,20513.036071886956,1,High,3.745805096306082,5.187319025642724,0
403,Large,2.8240173560735387,62007.75730278768,5,Low,9.06872706688204,1.0,1
404,Large,2.0234454407913733,123.2594499010284,4,High,5.644726589229253,1.0,1
405,Medium,6.556846155397348,91211.76142605896,1,High,6.610213466481458,22.19330990698369,0
406,Large,5.916238754862179,93472.57378606459,0,Low,4.180797847613422,6.232746289300532,0
407,Small,0.9119923587194667,28440.738091615207,0,High,7.445972526238442,3.857026530341598,1
408,Medium,10.544521296073974,81737.94814038389,2,Low,5.092516774323343,6.471442709674657,0
409,Large,3.42018032958241,25558.945060883627,0,High,7.298457580610196,3.8317160722135544,1
410,Medium,6.763541911515311,17533.65715958092,5,Medium,7.514786937954779,6.71455701616006,1
411,Small,4.256623025599514,105417.29091717489,2,High,4.704735772822919,19.62949272342656,1
412,Medium,30.358204153505707,39441.45865759913,1,Low,3.7529417581720104,8.972270320816314,0
413,Medium,6.979766696885962,89224.2079961528,2,High,9.063799833089089,11.863089750800915,1
414,Medium,6.137579935062599,56783.12533456763,2,Low,5.615401931941836,4.536117944229652,0
415,Medium,7.538287617586521,415737.42959379265,0,Low,6.449697632091277,13.413434756935805,0
416,Small,0.7723335645016542,16202.568959300923,2,Medium,6.970929049293484,10.98463554367721,0
417,Medium,1.144202447783795,62473.85267484239,2,Medium,3.492599740203559,1.2733576550908041,0
418,Medium,6.259937784936202,114086.22596344931,1,Low,6.925332273639775,8.501352057836943,0
419,Large,3.4059101183302425,50342.81921551478,2,High,6.198253072309274,2.967140668021642,0
420,Medium,7.025047853292009,367694.5028352358,1,Low,4.712938604591217,16.30128849291741,0
421,Large,0.543029050470281,127973.00308746537,1,Low,3.6869280303245415,5.550173667160387,0
422,Small,3.844543303319518,106997.77704294122,0,High,7.211771095914539,52.370652139501736,1
423,Small,2.3806845213717254,141493.77650246056,3,High,8.255424016389759,1.0,1
424,Small,3.053231814409725,305015.9696061859,0,High,6.357181034785606,15.157101783102076,0
425,Small,4.631173448653624,238399.7478915658,1,High,3.1310693163006262,11.19943388121941,0
426,Large,3.4886719030900224,128838.86730229635,2,Low,3.8853343656505395,14.588600242499792,0
427,Medium,3.8811293629238834,138294.6527778049,4,Low,5.135752581351893,3.6749006782528584,0
428,Small,3.3311387287817507,15773.28411540254,2,Medium,9.1292394823215,6.77381099720476,1
429,Medium,2.629317109785001,10846.801058130948,1,Low,5.5064986758022485,15.921311409400602,0
430,Large,7.389460774981426,84607.57784033942,1,High,5.0628621544036,2.646706532456003,1
431,Large,0.06139070571852856,1853.8416426947683,3,Medium,2.6530304006477703,2.5622629622002755,0
432,Large,4.5620252198003355,65846.82687733522,4,High,4.686630419779778,8.008458794053283,1
433,Small,4.167892728957174,23616.493768225828,0,Low,3.5341272920183395,7.414209950735056,0
434,Medium,6.297058922661344,42467.32606360935,2,Medium,3.9936403381544,3.316513344445883,0
435,Medium,4.569335416140355,149523.78916401256,4,High,6.239901360317485,3.539296450436875,1
436,Medium,8.766507575153678,283425.14546571876,1,Medium,5.197671588777645,3.2551570768901277,0
437,Large,15.980045679607393,7517.221595637475,2,Medium,9.39898890534269,14.762718577807515,1
438,Small,2.0967370432899846,76408.95352903659,5,Low,8.156006745414953,10.55267970701764,1
439,Large,1.2896519329346232,214160.19717127882,3,High,4.782232124379322,17.862776225044932,1
440,Large,2.754739857325336,8611.200093909512,0,Medium,4.16636431651897,37.07981881819166,0
441,Medium,1.6978925959569682,174019.62785777304,4,Medium,8.765283871328386,6.427664653629213,1
442,Large,4.771913832108716,44285.76009232546,2,High,9.320084978966966,1.0,1
443,Medium,12.143713485738258,38874.76795873122,1,Medium,1.6115035129089357,1.0,0
444,Small,0.7489786810421538,379274.7143027206,3,Medium,6.185715247943403,3.505012394901757,0
445,Medium,0.5312189893830513,22421.799064534545,2,Medium,5.4962433842065455,26.962884823840085,0
446,Small,1.478675602571752,118153.94600839293,3,High,7.298240280119874,7.406855439977824,1
447,Medium,6.47488043850101,172283.467691369,0,High,9.885336248323007,3.1716102663131074,1
448,Large,4.494254779112463,4205.556263522194,2,High,5.031885961344403,5.094379112695612,1
449,Large,0.5391102928803716,110983.13628496867,2,High,1.8786029706721719,9.127846538667555,0
450,Small,12.551154428087605,302722.24113436847,2,Low,7.1580154002985275,10.582854321454295,0
451,Small,7.80525431714446,13264.032314836988,5,Medium,8.779928137208405,1.671407818010513,1
452,Small,0.11645882072105163,226549.45574920933,2,High,5.392480436960451,37.73639253415792,0
453,Medium,5.268680455961324,90331.68512532646,2,Medium,4.5899250397206774,7.8695738525175765,1
454,Medium,7.375555055422092,95868.83990483504,3,Medium,5.125481189244601,1.4582183193432692,0
455,Small,2.345503143131086,94918.6345362263,0,Low,7.700410734262469,22.408810854170945,0
456,Large,0.35705864801618536,35501.33057063767,4,High,5.0910781174300395,1.0,0
457,Medium,0.40236977463393653,273647.76898968546,3,High,6.65752060068569,23.83095102592509,1
458,Medium,0.5504526787743592,294409.78273550735,2,Medium,6.05560583147988,56.739294309455204,1
459,Medium,9.176664727412277,98164.20104467815,3,High,5.849240775154468,12.054131716788055,0
460,Small,12.077996241174013,152980.7871164624,2,Medium,7.402584653504466,14.716223023875832,1
461,Small,0.6551627685987415,94741.50725757673,3,Medium,5.042840200271611,4.114371600653463,1
462,Small,1.3453225300536997,66242.09970101569,1,Low,5.138826879635442,28.400431103811044,0
463,Small,0.9047355710689784,108122.46878470917,2,Low,7.595205699999508,7.544141866412596,1
464,Small,1.0309459577495297,80519.99340202878,2,Low,4.026149351662695,13.182187775103948,0
465,Large,9.085102978785908,91000.02153052417,2,Medium,4.2395596183553454,25.78440258658308,1
466,Large,2.0184315504512007,153170.1955969009,2,High,3.479371417312813,36.96104531257245,0
467,Small,1.8657950568014023,65566.61171220317,3,Low,7.698021826553107,17.909859080836878,1
468,Medium,1.2899408036612683,4160.783038805512,5,High,5.789526063837465,3.609949861583428,1
469,Small,4.681120359441148,17912.60450716679,1,Low,3.3727697078418672,33.976292515788366,0
470,Large,2.3845829309196764,57733.446958930464,5,Low,7.707617124618137,9.891827968907347,1
471,Large,6.8177675641738205,129035.36887507212,3,Medium,4.888915676849129,26.68480650030141,0
472,Medium,1.1507137456078536,89962.69675949957,3,Low,4.25664384232623,11.273359694869896,0
473,Large,7.750892020735708,105066.3009009994,2,Low,5.608642882246096,3.6707016154819327,0
474,Small,4.628190560785791,65254.07521388639,4,Medium,8.957447218935783,4.620743875650612,1
475,Medium,0.6067003348033726,95644.11341042635,3,High,5.21007560700686,7.99556639728801,1
476,Small,2.676484627643037,39901.21301494289,4,Low,7.1506777282311695,15.60718424856876,1
477,Small,9.957817857261501,63522.284631674076,1,Medium,7.4541600409019075,3.8270003692099044,0
478,Medium,12.817167601518552,136366.85290740017,4,Low,6.886546596012812,8.66860691836083,1
479,Small,3.133990144756358,205441.94534066552,0,Medium,8.542143299348524,4.240746875409485,1
480,Large,3.277686687047855,56855.243550705214,1,High,4.585767990735442,16.91567070338725,0
481,Small,12.532984453817505,4464.351401166214,6,High,3.9133303138993276,6.287238418705247,0
482,Medium,4.42236445640353,17634.64960516827,1,Medium,3.8740666879500103,1.0,0
483,Medium,0.1669911689281532,2108.180717538787,3,Medium,5.711063169400413,1.8158485400394953,0
484,Medium,12.194857809027065,105918.87669587876,2,Medium,4.105906684318942,1.0,0
485,Small,1.426600605329684,40393.82124395492,4,High,6.295081823730657,6.917540434548901,1
486,Medium,4.3093909917129025,78193.16974757092,2,Low,6.153976839449786,1.1242686509912752,0
487,Medium,0.9046924728957751,67979.04734131732,2,High,8.037146606372081,1.2119631976181433,0
488,Small,0.17233179840328722,8504.221475636723,2,Medium,6.582288616472081,28.310361365459123,0
489,Large,1.8660049722259302,51627.60522751064,1,Medium,5.167696288277104,20.608559069800478,0
490,Small,7.581917455297149,24918.100911037487,0,High,6.821698408865366,6.016380278995362,1
491,Medium,1.6257926021660625,54197.198939916016,4,Medium,3.9396119602041186,42.54888092356388,0
492,Medium,1.2429300025159788,22762.64348664426,5,High,5.923718623951365,1.0,1
493,Small,1.1956075102720611,183541.3008019583,1,Medium,6.638802467191161,9.51864688843898,0
494,Large,3.619822801179697,19139.459651239136,7,Low,6.258635196300253,9.582283937591063,1
495,Medium,18.5538496966291,323858.251968396,2,Low,6.830130189871968,6.114622329376271,0
496,Medium,3.0715782273796197,53769.568912126764,2,Medium,4.711907968574417,5.0575180560258195,0
497,Medium,4.074375334605165,187239.675175001,2,High,8.304062805619033,6.076727324217329,1
498,Small,9.853187453073723,99091.9504021275,2,Low,9.644337898791413,5.360758034041039,1
499,Medium,3.8293390891327443,132934.82092098662,3,High,2.7946477102828116,13.111589761554782,0
500,Large,1.0195416467392282,145982.847732503,2,Medium,3.5688040080915036,1.4543676397943683,0
